"x"
"NYC"
"Chico, CA"
"Duluth MN"
"Tuscaloosa, AL"
"Desembarco del Rey "
"Georgia, USA"
"Estados Unidos"
"Tampa, Fl"
"United States"
"Philadelphia, PA"
"Coolin'."
"Burbank, California"
"Philadelphia, PA"
"Georgia"
"Detroit, MI"
"USA"
"arkansas"
"Atlanta, GA (The 6)"
"paperchasin<U+2708><U+FE0F>"
"Decatur, GA"
"Egypt"
"Instagram: yourstrulylika"
"Costa Mesa, Ca."
"Electric Chapel"
"ON THE STAGE EVEN WHEN IM NOT"
"Providence, RI"
"Washington, DC"
"Paddington, London"
"Delaware, USA"
"Al Kamil"
"Michigan, USA"
"Cauldcots, Scotland"
"Adana, Turkey"
"Kayseri, T¸rkiye"
"Tarsus, Mersin"
"Bor, Nigde"
"Phoenix, AZ"
"Chicago, IL"
"Dallas, TX"
"Parkesburg, PA"
"Dallas, Texas. USA"
"i love my fans."
"Vincit qui se vincit."
"Greensboro, NC"
"Suburbs of Atlanta, GA"
"Orange County, CA "
"Nueva York, USA"
"San Antonio, TX"
"Woodmere, NY"
"Delray Beach, FL"
"Los Angeles"
"Zulia, Venezuela"
"Staten Island, NY "
"reasonjimin <U+2661> #Tondy"
"Vancouver, BC"
"Teaneck, NJ"
"North Carolina, USA"
"Dallas"
"Michigan"
"Georgia, USA"
"Marietta, GA"
"Florida"
"#farwest17"
"New York, USA"
"on an adventure through space"
"North Carolina, USA"
"Belgium"
"Northern California"
"Alabama"
"The Netherlands"
"Northern California"
"Delaware, United States"
"Queens, New York"
"USA"
"Philadelphia, PA"
"lady gaga's ass"
"United States"
"Parintins - Brasil"
"Beverly Hills, CA"
"Houston, TX"
"Milwaukee, WI"
"New York, NY."
"Green Lake"
"Erie, PA"
"Buffalo, NY"
"usa"
"Logan, Utah"
"Washington, DC"
"Chicagoland"
"DelaWERE?"
"La La Land"
"Brazil "
"DALLAS artRAVE 7/17/14"
"Waynesboro, va"
"Atlanta, GA."
"Chicago, Illinois"
"<U+0E08>.<U+0E28><U+0E23><U+0E35><U+0E2A><U+0E30><U+0E40><U+0E01><U+0E29>, <U+0E1B><U+0E23><U+0E30><U+0E40><U+0E17><U+0E28><U+0E44><U+0E17><U+0E22>"
"Mishawaka, Indiana"
"Toronto, Ontario"
"Probably at a concert"
"Pennsauken, NJ"
"da Woodz"
"La Mesa, California"
"atlanta"
"Michigan, USA"
"Follow"
"Los Angeles, CA"
"San Antonio, Texas"
"F<U+03BB><U+03BF><U+03B3><U+03B7>ta-<U+03A7>a<U+03BB><U+03BA><U+03B9>d<U+03B9><U+03BA><U+03B7><U+03C2>.  Greece"
"Los Angeles, CA"
"US"
"India, New Delhi"
"Georgia"
"Oakland, CA"
"Europa"
"Reno, Nevada"
"New England"
"In my cozy bed "
"Canada"
"Los Angeles, CA"
"Midwest"
"Your local strip club"
"Los Angeles"
"Missouri City, TX"
"OHIO"
"United States"
" CHIRAQ TO MURRDALAND"
"United States"
"London, England"
"Atlanta GA"
"New Orleans, Eastside "
"Pacific Northwest"
"Las Vegas, NV"
"New York, USA"
"Washington, DC"
"Monroe, GA"
" "
"indy - naptown"
"Richmond B.C."
"ella| jongmi |shan"
"Chicago, Illinois"
"Los Angeles, CA"
"Killeen, TX"
"Los Angeles, CA"
"the Go"
"Dallas,Tx"
"bagre antioquia, colombia"
"Nevada, USA"
"Denver"
"Florida, USA"
"LA & NYC"
"Canada"
"New Jersey, USA"
"1001 uptop marcy ave "
"Mars, PA"
"Italia"
"California, USA"
"QuerÈtaro, MÈxico."
"Bay City, MI"
"Wolcott ct"
"TEXAS USA"
"New England"
"The OC"
"Des Plaines, IL"
"Brasil"
"Bristol, CT"
"Washington, DC"
"Texas, USA"
"dinglerthekids head"
"San Diego, CA"
"Maine, USA"
"central coast ca "
"Franklin, Tennessee"
"Dorset UK"
"Florida, USA"
"Wolcott, CT "
"Tunnel Hill, GA"
"Wesley Chapel, NC"
"Deutschland"
"West Hollywood, CA"
"Philadelphia, PA"
"Little Rock, AR"
"TNTF"
"Delray Beach, FL"
"New York"
"Edmonton, Alberta"
"Austin, TX"
"Chicago, IL"
"Jacksonville Beach, FL"
"Philadelphia, PA"
"her mind"
"frequenting NY/NJ racetracks "
"Modesto, Ca"
"Modesto, CA"
"Albuquerque, NM"
"Dallas, TX"
"Denver, CO"
"Dallas, TX"
"Las Vegas"
"Fort Lauderdale, FL"
"Honea Path, SC"
"Denver, CO"
"Camden, NJ"
"Sarasota, Florida"
"Montgomery County, PA"
"Boca Raton, FL"
"The Woodlands, TX"
"Dallas / Ft. Worth, Texas"
"Denver, CO"
"Fort Collins, Colorado"
"Louisville, KY"
"Fargo, ND"
"New York"
"South Florida"
"Los Altos, California"
"Shepherdstown WV"
"Atlanta, GA"
"Las Vegas, NM"
"Bethesda, MD "
"Newport Beach, CA"
"Fresno, CA"
"Bucks County PA"
"Brentwood, TN"
"Syracuse NY "
"Philadelphia, PA"
"Pittsburgh, PA"
"Instagram: Cristinmore"
"Chicago"
"Toronto"
"Houston, Texas"
"Toronto, CA #BorninSouthAfrica"
"Hollywood Sign "
"Excelsior, MN"
"New York City"
"New York, NY"
"Kennesaw, GA"
"Atlanta, GA"
"Conshohocken, PA"
"Kenya"
"Tijuana, B.C. Mex."
"Silicon Valley, CA"
"Baltimore "
"Boston, MA"
"United Kingdom"
"Los Angeles"
"Michigan, USA"
"Burlington, Ontario"
"Toronto, Ontario"
"South Florida"
"Canada "
"Davis, CA"
"new orleans"
"Boise, ID"
"Orlando, FL"
"Memphis,Tn"
"San Antonio, Texas"
"Toronto, Ontario"
"Philadelphia, PA"
"Newport Beach, CA"
"Chicago"
"Coyoac·n, Distrito Federal"
"San Francisco, CA"
"Pasco, WA"
"Illinois, USA"
"R. SANCHEZ PIZJUAN (SEVILLAFC)"
"Tennessee"
"Los Angeles"
"Cesk· republika"
"Austin, Texas"
"Minneapolis, MN"
"Culver City, CA"
" New Orleans, Houston"
"United States"
"Lisbon, Portugal"
"West Hollywood, CA"
"HUG ME BROTHA"
"The Spirit World"
"fsog "
"Highrise "
"Los Angeles,California"
"Leveling.Up"
"New Delhi, India"
"Iselin, NJ"
"ó Harrys Heart // Single"
"Brooklyn, NY"
" Watts, Los Angeles, CA"
"Houston, TX.  "
"Chicago "
"8 Little Monster "
"Austin & Dallas"
"Florida, USA"
"Ann Arbor, MI"
"Calgary, Alberta"
"Buffalo, NY"
"Tulsa, OK"
"Los Angeles, CA"
"4<U+20E3>1<U+20E3>0<U+20E3> "
"03/07/2016"
"Atlanta, GA"
"Tulsa, OK"
"#1 da billboard"
"United States"
"Washington, DC"
"Los Angeles"
"Los Angeles, CA"
"Florida, USA"
"Minneapolis"
"Iowa"
"Riga, Latvia"
"Washington, DC"
"Pakistan"
"Baytown,Texas "
"Oxford, Ohio"
"China Grove, NC"
"Rio de Janeiro, Brasil"
"San Bernardino, CA"
"Las Vegas, NV"
"New York, USA"
"CeNation"
"Manhattan, NY"
"Bentonville, AR"
"Yuma, AZ"
"AZ"
"MÈxico, D.F."
"Niagara Falls, On"
"USA, Georgia"
"Brasil"
"New York City"
"Gurnee, IL"
"Miami, FL"
"Washington DC"
"North Shields, England"
"Baltimore, MD"
"Dublin, VA"
"New York City"
"Los Angeles"
"Albuquerque, NM"
"Knoxville, TN"
"New York City"
"New York City"
"Los Angeles, CA"
"Detroit michigan"
"@justinbieber<U+2763>"
"Largo"
"Seattle area"
"Washington, DC"
"Austin, TX"
"New York, NY"
"Houston Tx"
"Lafayette"
"USA"
"Milton, Tn"
"Florida, USA"
"New York"
"Clifton Park, NY "
"Manhattan Beach, CA"
"Europe"
"Clarksville TN"
"Williamsburg, Kentucky"
"San Jose, California"
"San Francisco"
"pennsylvania,usa"
"Oakley Elementary"
"Foxborough Ma, WORLDWIDE"
"United States of America"
"Somewhere"
"Evansville, IN"
"California "
"Indonesia"
"Lob City South"
"Los Angeles, CA"
"Charleston, SC"
"Bonita Springs, FL"
"716, NY"
"Laguna Woods, CA"
"Frisco, TX"
"Lawrenceburg,IN"
"upstate ny"
"Arkansas, USA"
"LA"
"Chicago"
"NEW YORK"
"Philadelphia, PA"
"USA"
"Toronto"
" 3rd Planet most of the time"
"Arkansas, USA"
"Florida, USA"
"Reality"
" Ohio"
"Menomonie, WI"
"Apex, NC"
"Jacksonville Beach,Fl"
"USA"
"Kent, OH"
"Arizona, USA"
"Chicago, IL"
"Mission Viejo, CA USA"
"California, USA"
"Maine"
"Brisbane, Queensland"
"Boston, MA"
"Oklahoma"
"United States"
"New York City"
"North Carolina "
"United States"
"Phoenix"
"Michigan, USA"
"Cleveland"
"Colorado Springs, CO"
"Chester, PA"
"Centennial, CO"
"Virginia Beach, VA"
"Cleveland, GA"
"USA"
"Denver, CO"
"Wichita"
"North Dakota, USA"
"NJ"
"Montgomery Alabama"
"ARREST obamaclintonhumajarrett"
"Global"
"Los Angeles"
"Cleveland, Ohio"
"North Carolina, USA"
"Rochester, NY"
"Niagara Falls, New York"
"United States"
"New Jersey, USA"
"Maine"
"Thataway, next door to Amelia "
"Charlottesville, VA"
"Southeastern U.S."
"Moorhead, MN"
"United States of America "
"Alpharetta, GA"
"Midwest"
"Houston, TX"
"Idaho"
"California, USA"
"Bay Shore, NY"
"NM"
"Kentucky, USA"
"Lethbridge "
"Connecticut"
"Iowa, USA"
"Virginia Beach"
"Beloit, WI"
"perception is an ocean"
" "
"11238 // 19147"
"Altus AFB, OK"
"New York, NY"
"Naples, Florida"
"| Louisiana, USA |"
"West Midlands, England"
"Baltimore, MD"
"chicago // east lansing "
"Savannah, GA"
"Virginia Beach"
"Indiana, USA"
"Ottawa ON CA"
"SF"
"Texas, USA"
"Minneapolis/Chicago/The World"
"Bay Area, CA"
"Columbus"
"Agawam, MA"
"United States"
"Niagara Falls, NY"
"Pennsylvania, USA"
"Fargo, ND"
"USA"
"Tucson Az."
"Chicago, IL"
"Lawrenceville, GA"
"UK"
"UK"
"201"
"Manchester NH"
"Coral Springs, FL"
"Flint, MI"
"Michigan "
"Chicago"
"New England"
"Columbus, OH"
"Los Angeles"
"USA"
"North Pole"
"United States"
"Oklahoma City"
"Pilot Mountain, NC"
"United States"
"Torino, Piemonte"
"Army Commendation Medal"
"Oklahoma, USA"
"Spain"
"Minneapolis"
"New Jersey, USA"
"Washington, USA"
"South Carolina"
"Maryland, USA"
"New York"
"San Diego, CA"
"NY LA"
"B'more, USA"
"Phoenix, AZ"
"Westlake, TX"
"Phoenix, AZ, USA"
"Atlanta, Georgia"
"in your imagination "
"Charleston, SC"
"Tulsa, OK"
"Pa"
"johnston ri"
"North Carolina, USA"
"Mount Pleasant, TX"
"St Paul, MN"
"CHICAGO/OKC"
"Wichita, Kansas"
"Chicago, IL"
"TRUMPLAND USA"
"UK"
"Johnstown, CO"
"vancouver canada"
"Fort worth,TX"
"Arizona, USA"
"LA"
"30-A / Oxford"
"Elmwood Illinois"
"Manhattan Beach"
"United States"
"Grand Rapids, MI"
"Fort Lauderdale, Florida"
"I thought America-Until obama"
"Louisiana, USA"
"KY / TN"
"Emigrant, MT"
"Mass."
"Texas, USA"
"Las Vegas"
"Grand Rapids, MI"
"Home of PATS, RED SOX & BRUINS"
"Michigan"
"Atlanta, Ga."
"ATLANTA, GEORGIA"
"New Jersey, USA"
"New York, USA"
"Florida, USA"
"Beautiful Pa"
"key west"
"Boca Raton, FL"
"Georgia, USA"
"Detroit, MI General Motors"
"california"
"chicago "
"United States"
"United States"
"Connecticut, USA"
"Under a rock"
"Austin"
"Trump is America's Last Chance"
"New York, US"
"Arkansas"
"Houston, TX"
"PA resident"
"Morehead AG Cheer"
"Lewisville, Texas"
"Paradise"
"Metropolis"
"Pompano Beach, FL"
"Twitter church ,New Jerusalem "
"midwest"
"Michigan U.S.A."
"Pepperell, MA"
"Springtown, TX"
"Fly Over States "
"Surprise, AZ"
"High Island, TX"
"Washington, DC"
"Clio, MI"
"New York"
"Chicago"
"Guadalupe Victoria, Durango"
"America"
"Maryland, USA"
"Birkenhead, England"
"Metairie, LA"
"Tennessee, USA"
"Atlanta, GA"
"Sherwood Park, AB, Canada"
"Arlington, TX"
"Casper, Wyoming"
"Douglasville , GA | U.S.A"
"Milton-Freewater, OR"
"Fort Lauderdale, FL"
"In the Light of Truth always "
"The great States of the USA"
"Estados Unidos"
"Oklahoma, USA"
"Nueva York, USA"
"Estados Unidos"
"Chicago, IL"
"Estados Unidos"
"Ex-GOP"
"Manhattan, NY"
"New Orleans, LA"
"Coeur d'Alene, ID"
"Earth "
"USA"
"United States"
"Miami, FL"
"Evergreen, CO"
"Rockport, TX"
"Manhattan, NY"
"California, USA"
"Everywhere"
"Prospect, CT"
"United States"
"Wakefield, NH"
"Miami, FL"
"NYC"
"fhs '17 "
"Garland, Texas"
"California, USA"
"MA"
"NY "
"New Hampshire, USA"
"Newark, NJ  <U+2708> Pensacola, FL"
"Florida, USA"
"United States"
"Pittsburgh"
"Maine "
"Medford, Oregon"
"Culiac·n, MÈxico"
"Salt Lake City, UT"
"South Carolina, USA"
"Rhode Island"
"Western North Carolina"
"Chasin"
"Ventura, CA"
"Kingston, MA"
"New Jersey, USA"
"Fort Worth, TX"
"Tampa, Florida"
"Springfield, MA"
"United States"
"Bethany Beach, DE"
"Los Angeles, CA"
"Pahrump, NV"
"Bethany Beach, De "
"Saraland, Alabama"
"Kentucky, USA"
"NH/CA"
"great white north"
"San Diego, CA"
"Tampa Bay, FL"
"Westland, MI"
"Tuscaloosa, AL"
"DeLand, FL"
"Atlanta, GA to Stillwater, OK"
"Georgia, USA"
"Atlanta, GA"
"Austin, TX"
"Georgia, USA"
"Carrollton, GA"
"Mad Cow"
"Inglewood"
"Atlanta, GA"
"carrollton, georgia"
"Statesboro, Georgia"
"Atlanta, GA"
"Dacula, Ga"
"Some Beach Somewhere"
"Atlanta, GA"
"Jersey Boy, Now in the #ATL"
"New Jersey, USA"
"Home Of The Mighty Panthers. "
"Marietta, GA"
"ATLShawty"
"Atlanta, GA"
"ZONE  1 "
"Atlanta, Georgia"
"Atlanta, Georgia"
"Charlotte, NC"
"Maryland "
"Atlanta, GA"
"Atlanta, GA"
"Bluffton, SC"
"Toledo, OH"
"Atlanta"
"Boston"
"Michigan"
"Atlanta, GA"
"San Diego, CA"
"NYC"
"Texas, USA"
"Buford, GA"
"right here"
"London, Ontario"
"Gwinnett County, GA"
"Lawrenceville, GA"
"cleveland"
"Atlanta"
"South Carolina, USA"
"Queens, NY"
"Atlanta, GA"
"Pennsylvania, USA"
"New England"
"Denver, Colorado"
"Minneapolis, MN"
"United Kingdom"
"Staley High School KC, MO"
"Lehigh Valley, PA"
"Minneapolis, MN"
"Sheldon's house "
"Decorah Iowa"
"Georgia, USA"
"Tengo orgullo de ser del NORTE"
"Austin, TX"
"Mohali, India"
"Belleville, Ontario"
"Atlanta, GA"
"NYC"
"Alto, GA"
"Planet X "
"Atlanta, GA"
"THA UT"
"Nashville, TN"
"Atlanta, GA"
"Atlanta, Georgia USA"
"Atlanta, GA"
"Atlanta"
"Charlotte, NC"
"Atlanta, GA"
"Atlanta"
"Atlanta"
"ATL"
"Atlanta, Ga"
"Atlanta"
"Atlanta, Ga"
"Atlanta, Georgia"
"Montgomery, AL"
"MAssAppeal / GApower"
"Ohio, USA"
"Merida, Yucatan "
"Atlanta, GA"
"Los Angeles, CA"
"Bratislava"
"Peach Bottom,Pennsylvania, USA"
" "
"Licensed in GA, IL, MO & NY"
"Midwest"
"Fayette Alabama"
"Minneapolis, MN"
"Kitchener, Ontario"
"Asheville, NC"
"South California"
"Somewhere Over My Head"
"Aurora, Colorado"
"Thunder Bay, Ontario"
"Mandeville, Louisiana"
"Montclair, New Jersey"
"Suburban St. Louis"
"Houston, TX"
"Wentzylvania "
"Canton GA"
"North Carolina"
"New Jersey, USA"
"Cocoa, FL"
"404 <U+2708><U+FE0F>"
"Dallas, TX"
"New Jersey, USA"
"Toledo, Ohio"
"Paradise "
"North of Atlanta"
"Marietta, GA"
"Calgary, Alberta"
"Thunder Bay, Ontario"
"NOVA (703)"
"Bowling Green, OH"
"Pittsburgh, Pa"
"Savannah, GA"
"San Diego, CA"
"Bellevue, OH"
"Augusta, GA"
"North Carolina"
"Los angeles ca"
"Thunder Bay, Ontario  "
"Daytona Beach, FL"
"atl"
"Gainesville, GA"
"Albuquerque "
"Atlanta, GA"
"Nashville, TN"
"Oregon"
"Florida, United States"
"Thunder Bay, Ontario, Canada"
"Brazil's heart"
"Rochester, NY "
"Where the peaches grow."
"West Des Moines, IA"
"Weh it Greatuh, Jawja"
"Chattanooga, TN"
"Deerfield Beach, FL"
"Atlanta, GA"
"Atlanta, GA"
"Connecticut, USA"
"Atlanta, GA"
"#TEAMSPARTACUS Brooklyn&CHI"
"Carrollton, GA"
"New Orleans, LA"
"Thunder Bay, Ontario"
"San Francisco"
"USA"
"Nashville, TN"
"Atlanta, GA"
"Atlanta, GA"
"Thunder Bay, Ontario"
"No Fly Zone"
"Hazlehurst,Ga"
"Atlanta"
"Birmingham, Al"
"Florida, USA"
"knoxville Tennessee"
"Athens, Georgia"
"St. Louis"
"Atlanta, GA"
"West Country, UK"
"Stay Positive "
"Florida LAUDERDALE 90210 "
"Atlanta"
"Earth"
"Antioch, TN"
"Atlanta,Ga"
"Spanaway, WA"
"Louisiana, USA"
"Under your skin"
"Tifton, GA"
"Room of Spirit and Time "
"RVA "
"Biloxi, MS"
"New Orleans/Baton Rouge, La"
"New Orleans, LA"
"LOUISIANA"
"South Carolina"
"ATL "
"Atlanta, GA"
"San Francisco"
"Boise, Idaho"
"Stone Mountain, GA"
"Dallas, TX <U+27A1><U+FE0F>Stillwater, OK"
"Atlanta, GA"
"New Orleans"
"Atlanta, GA"
"Wisconsin"
"Charlotte, NC"
"Seoul, Republic of Korea"
"Atlanta, GA"
"north carolina"
"Kings Landing"
"North Carolina"
"Atlanta, GA"
"Los Angeles, CA"
"The Slums of Shaolin"
"iPhone: 41.279797,-72.598388"
"Newberry, SC"
"Athens, GA"
"Marietta, Ga"
"D[M]V"
"Atlanta, GA"
"Atlanta, GA"
"New York City"
"Houston, TX"
"Georgia, USA"
"Simpsonville, SC"
"Atlanta GA"
"Playing flag football "
"Los Angeles, CA"
"Texas."
"Atlanta, Georgia"
"Jonesboro, AR"
"Everywhere"
"Wyckoff, NJ"
"Yellow Springs, OH"
"Atlanta, GA"
"Tuscaloosa, AL"
"Virginia"
"Chicago, IL"
"Atlanta, GA"
"Colorado Springs, CO"
"Athens, GA"
"Bowling Green, OH"
"Atlanta, GA"
"Killeen, TX"
"Conyers"
"New Orleans/Hammond"
"Bombingham,AL"
"Summerville, SC"
"New Orleans, LA"
"Georgia, USA"
"Merced, CA"
"Colorado, USA"
"New York"
"Maryland"
"Charleston, WV"
"Atlanta, Ga"
"Phoenix, AZ"
"Mongolia"
"770 "
"Atlanta, ga"
"Chicago"
"Hammond"
"Ottawa, Canada"
"Brownsville, Texas"
"Baxley, GA"
"Texas, USA"
"Olmito, TX"
"Marietta, GA"
"Houma, LA"
"Columbus,GA"
"Georgia, USA"
"San Antonio, TX"
" 39 Regatta Way Napa, CA 94559"
"Marysville, OH"
"St Kitts"
"Hoboken, NJ"
"St. Catharines, Ontario"
"Brookings, SD"
"Isle of Palms, SC"
"Washington D.C."
"United States"
"Ocala, FL"
"California, USA"
"Buffalo, NY"
"Camarillo, Calif."
"‹T: 42.2184,-83.550815"
"Fairmont, WV"
"Riverdale, GA"
"Bretagne, France"
"Thousand Oaks, CA"
"Eastchester, NY"
"Fairmont, W.Va."
"Ceres, CA"
"Neptune, NJ"
"Tampa Florida"
"Fairmont, WV"
"Butte, America"
"Messiah College"
"Fairmont, WV"
"Redlands, CA"
"htx - rgv"
"Westchester NY"
"Munich, Germany"
"Las Vegas, NV"
"Winston-Salem, NC"
"NJ"
"DTX<U+2708><U+FE0F>ATX<U+2708><U+FE0F>FTX"
"Lexington, KY"
"Atlanta georgia"
"Sherwood, AR"
"So. Cal."
"Rochester, NY"
"Inglewood, CA"
"No Love, Tx"
"Pittsburgh, PA"
"Planet Los Angeles, CA"
"Wilmington, DE"
"Indianapolis, IN"
"United States of America"
"Indianapolis, IN"
"Jefferson City, Mo."
"Oklahoma City"
"Finessin in 912"
"Warrenton, VA"
"Edinburg, Texas"
"The Bahamas"
"France"
"Chokelanta, Ga"
"Atlanta,Georgia"
"everywhere "
" "
"Lazarus Pit"
"Delaware, USA"
"SC: kyleG7T"
"Navarre, OH"
"Houston, TX"
"Charlotte, NC"
"Maryland, USA"
"Atlanta, GA"
"Baton Rouge, LA"
"Austin, TX"
"Lafayette, LA"
"Rancho Cucamonga, CA"
"Briggsdale, CO"
"Maine, USA"
"Paris, France"
"Lafayette, CO"
"Hollywood, CA"
"Weslaco, TX"
"Atlanta"
"Duluth, GA"
"Houston, TX"
"St Louis, MO"
"Indianapolis, IN"
"Indianapolis, IN"
"San Bernardino, CA"
"Bronxville, NY"
"Norfolk, VA"
"lyons ks"
"New Jersey, USA"
"New England"
"Alanta, GA"
"Brooklyn USA, NYC"
"748 Easy St, Carefree, AZ"
"Easton, CT"
"Redding, CT"
"Ireton, Iowa"
"Romeo, Michigan"
"Texas"
"Birmingham, Alabama"
"San Francisco, CA"
"Twin Peaks"
"Baltimore, MD"
"South GA"
"Denver, Colorado"
"Mechanicsburg, PA"
"Ontario, Canada"
"Los Fresnos, TX"
"Atlanta, Ga"
"Atlanta, GA"
"CA"
"Augusta, GA"
"Richland, WA"
"Bowie, TX"
"Utah, USA"
"Wahiawa, O'ahu"
"Messiah College"
"Louisville, KY"
"San Diego/Del Mar, California"
"Atlanta"
"Washington, DC"
"Athens, GA"
"birmingham, AL"
"Nashville, Tennessee"
"Garden Grove, CA"
"Cardiff, Wales"
"Atlanta, GA"
"Atlanta, GA"
"stx"
"Los Fresnos, Texas"
"Green Bay"
"Colorado Springs, CO "
"Grayson, GA"
"Atlanta"
"Lithonia, GA"
"San Antonio"
"252 - NCCU"
"Irving, TX/Newport News, VA"
"Virginia Beach, VA"
"Atlanta,Ga "
"TX"
"Waco, TX"
"San Francisco, CA"
"Atwater, CA"
"Yorktown, Virginia"
"Erie PA"
"Washington, DC"
"New York, USA"
"Garage Island x Greed Island"
"Titletown USA"
"Georgia, USA"
"Monroe, NJ"
"817,TX"
"Omaha"
"Saint Paris, OH"
"Columbia, SC"
"Charlotte, NC"
"Probably fishing"
"Georgia"
"Section 120 Row 17 Seat 5"
"Saint Paris, Ohio"
"Mobile, AL"
"Suwanee"
"United States"
"United States"
"California, USA"
"Montana, USA"
"United States"
"Great Falls, MT"
"United States"
"Glasgow, Ky."
"United States"
"Keyser, WV"
"Stone Mountain, GA"
"Cary, NC"
"University of Houston"
"Tuscaloosa AL"
"Ohio, USA"
"NC"
"Lenox"
"Atlanta, GA"
"Bucks County PA"
"California, USA"
"Mount Pocono, PA"
"United States"
"The Colony, TX"
"Atlanta, GA"
"FSU Twitter"
"Ennis, MT"
"Phoenix, Arizona"
"Atlanta, GA"
"Stuarts Draft, VA"
"Ireland"
"Atlanta, Georgia"
"Atlants, GA"
"Montgomery, Al"
"Riverdale,GA"
"Atlanta, Georgia"
"White Plains, NY"
"Savannah, Ga"
"Tempe, AZ"
"Dodger Stadium"
"Charleston, WV"
"dirty sto"
"Ringgold, GA"
"Manchester, MI"
"St. Louis, MO"
"London, Ontario, Canada"
"Elk Grove, CA"
"Auburn, WA"
"Ina, Illinois"
"Minneapolis, MN"
"Toronto, Ontario"
"Toronto, Ontario"
"canada"
"Southern California"
"South Carolina, USA"
"Statesboro, GA"
"Las Vegas, NV"
"California, USA"
"San Diego, CA"
"new york"
"Little Rock, AR"
"4<U+FE0F><U+20E3>0<U+FE0F><U+20E3>4<U+FE0F><U+20E3>"
"Kentucky, USA"
"Atlanta"
"Duluth, GA"
"Zanesville, Ohio"
"Atlanta, GA"
"Shawnee, Ohio"
"Killeen, Texas"
"Lithonia, GA"
"Valley Ranch, Tx"
"Georgia, USA"
"Odessa, TX"
"Allentown, PA"
"in looondoon *joey voice*"
"los angeles, CA"
"Jamaica"
"Swainsvegas, GA"
"The University of Arizona"
"Prairie Village, KS"
"Corpus Christi, TX"
"Boston, MA"
"Huntsville, TX"
"Baytown, TX"
"San Diego"
"hiding under a rock"
"Denver, CO"
"Toronto"
"Ft Lauderdale Florida"
"Yuuuge #TrumpImpeachmentParty"
"Vienna, VA"
"#PatsNation"
"Texas, USA"
"Gainesville, FL"
"Sacramento, CA"
"Sacramento, CA"
"Minneapolis, MN"
"Calgary, Alberta"
"Oklahoma City"
"Calgary, Alberta"
"Atlanta GA U.S.A."
"San Francisco, CA"
"Section AL"
"Tulsa, OK"
"okc"
"Houston, TX"
"Oregon, USA"
"New York, USA"
"Superbowl52"
"Nigeria"
"Pittsburgh"
"Mt. Cory, Ohio"
"Temperley "
"jersey shore"
"Louisville, KY"
"Largo, FL"
"Orlando, FL"
"San Diego - Phoenix - Seattle"
"Tontogany, Ohio"
"Oakland, CA"
"Phoenix"
"lagos,nigeria"
"New England, USA"
"North America"
"Florida, USA"
"Los Angeles"
"nova"
"United States"
"Mesquite TX"
"United States"
"San Jose, CA."
"Maryland"
"USA"
"Chicago, IL"
"MÈxico"
"Northeast USA"
"I gotta thank Yeezy"
"New York City, NY"
"North Carolina, USA"
"Great Barrington, MA"
"Washington, DC"
"United States of America "
"Las Vegas"
"Toronto canada"
"California, USA"
"New York, NY"
"Maine, USA"
"ATL"
"Kentucky, USA"
"Millbrook, NY"
"Kentucky"
"Brunch On My 4th Mimosa"
"California, USA"
"El Paso, TX"
"Harrah-dise"
"Washington, DC"
"Oakland,California"
"Chicago, IL"
"Wilmington, NC"
"College Station, TX"
"Marrero"
"Ohio, USA"
"Tampa, FL"
"Norman,  OK"
"Chapel Hill, NC"
"Wisconsin"
"Dallas, TX"
"Cibolo, TX"
"Los Angeles, CA"
"Camarillo, CA"
"United States"
"MÈxico"
"Toronto, Ontario"
"Cincinnati, Ohio"
"San Francisco, CA"
"Houston, Texas"
"Lake Jackson, TX"
"United States"
"New York, NY"
"Nashville, TN"
"Los Angeles, CA"
"Bedford Hills, NY"
"hell "
"Planet Earth"
"Wisconsin  "
"Jefferson City, TN"
"Washington DC"
"Long Island, New York"
"Hamilton, Ohio"
"Los Angeles"
"Oshkosh, WI"
"Richmond, VA"
"Elsa, TX"
"Illinois, USA"
"Suwanee, GA"
"Estados Unidos"
"Baltimore, MD"
"Bowling Green, OH"
"New York, NY"
"Ottawa, Ontario CANADA"
"78666"
"Fayetteville, NC"
"Milwaukee, WI USA"
"DC"
"Winnipeg, Manitoba"
"Amherstburg, Ontario"
"Egypt, MA"
"Watchin' the Tide Roll Away"
"Hamilton, Scotland"
"Chicago, IL"
"Compton, CA"
"Elkhart, Indiana"
"Denver, USA"
"Washington, DC"
"Belgique"
"Glendale"
"AU$TIN , TX "
"Stonehenge. Wiltshire UK"
"Leesburg, VA"
"cleveland, TX"
"Mexico"
"New York, NY"
"Franklin, Tennessee 37067"
"in the trenches ..."
"New York, NY"
"Bristol, CT"
"Chicago"
"Oregon "
"30.6014∞ N, 96.3144∞ W"
"New York, USA"
"oakland , CA "
"New York"
"Georgia, USA"
"Chicago"
"Funky West Philly"
"Toronto, Ontario"
"Detroit "
"Baltimore, Maryland"
"Dallas "
"Culver City, CA"
"NKY/Queen City"
"Costa Rica"
"New Mexico, USA"
"Wilton, NY"
"Kansas City"
"Milwaukee, WI "
"District of Columbia, USA"
"Denver, CO"
"San Diego, CA"
"Dothan, AL"
"A field of Texas bluebonnets"
"Duval County Florida"
"eagle rock ca"
"Naples, FL"
"Knoxville, TN"
"Orange County, California, USA"
"Denver, Colorado"
"Pendleton, IN"
"Boston"
"Chicago, IL"
"United States"
"Denver, CO BRONCOS COUNTRY"
"Minnesota, USA"
"Schooleys Mountain, NJ"
"2905 12th ave so suite 104"
"NYC "
"Newport, RI"
"Old Bridge, NJ"
"Windsor, CO"
"The Commonwealth"
"Dallas, TX"
"Saratoga Springs, NY"
"kingsville,tx"
"Houston-ish, Texas"
"Atlanta"
"Pittsburgh Pa"
"Logan, Iowa"
"Ohio, USA"
"Boone, NC"
"Sun City West, AZ"
"Dusable's dystopian bohemian. "
"post notifs=on / reweets= off"
"California, USA"
"Toronto"
"Denver, CO"
"Houston, TX"
"Arlington, TX"
"Muncie, IN"
"Washington, USA"
"Iowa, USA"
"East Village, NYC"
"New York, NY"
"Mexico City"
"Kennesaw "
"Casper, WY"
"ItajaÌ, Brasil"
"Pacifica, CA"
"Calgary, Alberta"
"San Rafael, CA"
"Nashville, Tennessee"
"Fort Worth, Texas"
"Phoenix, AZ"
"USA"
"Andrews AFB, MD"
"Florida, USA"
"United States"
"Las Vegas, NV"
"Springfield, MA"
"Lincoln, CA"
"omaha "
"San Jose, CA"
"Indiana, USA"
"New York City"
"Alexandria, VA"
"Virginia, USA"
"Zaragoza"
"Ingleside on the Bay, TX"
"Michigan, USA"
"VA"
"Maryland, USA"
"Madrid, Spain"
"Oregon, USA"
"Kentucky"
"California, USA"
"Houston,Tx"
"Georgia, USA"
"Right Thurr"
"Pennsylvania"
"Sheff City"
"Jersey"
"Brentwood, TN"
"In my tree house "
"KTX"
"Spanish Fork, UT"
"Chicago"
"Ohio"
"United States"
"Conroe, TX"
"North Carolina, USA"
"Las Vegas"
"Southeast Iowa"
"Stony Mountain, Manitoba"
"Essex"
"Arizona, USA"
"Albuquerque, NM"
"Earth "
"Webb"
"California, USA"
"Tampa "
"Brooklyn, NY"
"Texas Hill Country"
"Winnipeg"
"Anywhere, USA"
"cincinnati, oh"
"Webb City, MO"
"Republic of the Philippines"
"Pittsburgh, PA"
"Tega Cay, SC"
"United States"
"Austin, TX"
"Washington D.C."
"Minnesota, USA"
"Lake Orion, MI"
"BIGKDY"
"York, PA"
"Waco, TX"
"Idaho, USA"
"Atlanta, GA"
"Oklahoma City"
"Teh Interwebz"
"Montague PEI Canada"
"USA"
"City of angels"
"San Tan Valley, AZ"
"new york"
"Silicon Valley"
"Daydreaming in East Point"
"Boston - Medford - Concerts "
"San Francisco, CA"
"The Golf Course"
"Nashville, TN"
"Great Lakes "
"Utah"
"How's Temecula Sound?"
"N.O<U+2708><U+FE0F>__________."
"Manhattan Beach, CA"
"Miami"
"Minneapolis"
"Ankeny, IA"
"Jacksonville Florida"
"Detroit, MI"
"New York, NY"
"Ireland"
"United States"
"Fort Worth, TX"
"New York City"
"Living the Dream"
"Inglewood, CA"
"European Union "
"Houston, Tx"
"NY"
"CO"
"Rochester, NY, USA"
"Massillon, OH"
"Houston, TX"
"Brasil"
"Sydney, New South Wales"
"<U+2648> Venus <U+2648>"
"National Kicking Camps"
"Belgium"
"S„o Paulo "
"Rio de Janeiro, Brasil"
"Dallas, TX"
"Brasil"
"Bella Terra, California"
"United Kingdom"
"atL"
"goi‚nia brasil"
"Brasil"
"Global"
"over the river"
"Vancouver, BC"
"Los Angeles/Santa Barbara"
"Chicago, IL"
"Auburn"
"Fort Worth, TX"
"S„o LuÌs, MA"
"New York, USA"
"Brazil"
"New York, USA"
"Hermosillo, Sonora"
"Los Angeles, CA / New York, NY"
"midraq"
"Caen"
"BootyLand"
"United States"
"www.adam67"
"Milwaukee, WI"
"Paris │ New York │ Istanbul"
"Iowa"
"South Dakota"
"Toronto"
"Charlotte, NC"
"ArtRave May 14. 2014 CLEV OH"
"Columbus, OH"
"United States"
"Winnipeg, MB"
"NY"
"litchfield library w/ alex "
"Reston, VA"
"New Jersey, USA"
"En el camino correcto"
"San Francisco"
"India"
"Edwardsville, IL"
"Phoenix, AZ"
"gaga  mj  gnr  lp"
"New York, NY"
"G.O.A.T"
"Chicago, IL"
"Mannheim, Deutschland"
"San Diego, CA"
"United States"
"Lazio, ITALY"
"ATL"
"United States"
"Tomando un cafÈ por Madrid."
"Minnesota, USA"
"Fresno, CA"
"Arlington, VA"
"JOANNE OUT 21st OCTOBER "
"Taipei, Taiwan"
"God's World"
"Follow me! and retweet New's"
"United States"
"Darmstadt, Germany"
" Maujpur "
"Pennsylvania"
"CHIAPAS...MEXICO"
"Cardiff NJ"
"United States"
"Arizona U.S.A."
"Notre Dame, IN"
"Prensa "
"Chicago, IL"
"Dartford, South East"
"Lawrence, KS"
"MaceiÛ, Alagoas"
"Philadelphia, PA"
"California, USA"
"Boise, ID"
"Folding Your Girl Clothes"
"Italy"
"San Francisco, CA"
"Scotland, United Kingdom"
"Fort Worth, TX"
"Brooklyn, NY"
"DFW"
"West Bend, WI "
"Altamonte Springs Fl"
"My Own Field Of Dreams "
"SoCal / San Gabriel Valley"
"Texas, USA"
"Brockton, MA"
"Atlanta, GA"
"Not there. Not there either."
"Frostburg, MD"
"Butler County, OH"
"United States"
"Trumpland USA"
"News & Video Sources: Multiple"
"U.S."
"spring fed wilderness"
"Republic of Texas"
"At a Game Near YOU!"
"Ohio"
"Westbrookville, NY"
"mack.city"
"United States Of America"
"Safely West of the Rockies"
"Wyoming, USA"
"a suburb of St. Louis"
"Estados Unidos"
"Fort Lauderdale, FL"
"Cincinnati"
"United States"
"Brooklyn, NY"
"United States"
"Lincoln, England"
"Michigan, USA"
"Southern California"
"Binghamton, NY"
"Displaced Retweeter of Boston"
"Lima, Ohio"
"Massachusetts, USA"
"Foxborough, MA"
"New England"
"Ontario, Canada"
"Chicago, IL"
"San Diego"
"United States"
"United States"
"United States"
"Pensacola, FL"
"Cleveland, OH"
"Mays Landing, NJ"
"Cleveland"
"Pittsburgh"
"Los Angeles, CA"
"Los Angeles, CA"
"Dalton, GA"
"Portage Lakes, Ohio"
"East Brunswick/Princeton, NJ"
"sandusky, ohio"
"Cleveland, Ohio"
"Waiting Mockingjay Part 2"
"West Texas"
"New York, NY"
"
"
"New Mexico, USA"
"Pace, FL"
" Athanasius Contra Mundum"
"Flemington, NJ"
"Denver Colorado USA"
"United States"
"Austin, TX"
"Indiana, USA"
"RGV, Texas"
"Syracuse, N.Y."
"California"
"United States"
"OH-IO"
"Citrus Heights, CA"
"Huntington Beach, CA"
"‹T: 36.865624,-94.85028"
"Washington"
"GodBlessTheUSA,NoEvilpuppets"
"New Hampshire, USA"
"L.A."
"USA"
"Holden, Louisiana"
"Los Angeles"
"Newport, RI"
"Houston, TX"
"Ontario, Canada"
"CO, USA"
"Austin, TX"
"Los Angeles"
"West Roxbury Ma."
"New York, NY"
"Anytown, USA"
"Kalamazoo, MI"
"Cleveland, OH"
"Cleveland, OH"
"ponte vedra beach"
"Kansas City, MO"
"MN, USA"
"usa"
"Chicago,IL"
"United States"
"Binghamton, NY"
"Jacksonville Beach, FL"
"Miami"
"Sherman Oaks, Ca"
"Duval, FL"
"Mexico"
"Los Angeles, California"
"sarasota, florida"
"United States of America"
"Boston"
"Reston, VA"
"Norwich, CT"
"Alexandria"
"LA"
"Cincinnati"
"Cincinnati, OH"
"Stone Mountain Ga"
"In the Stu"
"EARTH"
"Brooklyn, New York"
"El Sobrante, CA"
"NC"
"California, USA"
"Michigan"
"Arizona, USA"
"Indianapolis, IN"
"Eastern NC "
"Broken Arrow, OK"
"Washington, D.C."
"LON, TOR ONT Canada "
"Distrito Federal, MÈxico"
"Tennessee, USA"
"Greenfield"
"Illinois, USA"
"Bethlehem, PA"
"Wells, Maine "
"South Carolina, USA"
"Pittsburgh, PA"
"New York, NY"
"Dodger Stadium"
"Pennsylvania, USA"
"Blue Ridge, VA"
"Malta"
"jacksonville fl"
"Barrington Hills, IL"
"Albuquerque, NM"
"Canada"
"The Shire"
"iPhone: 37.292992,-121.931328"
"New York, New York"
"Prairie Creek"
"Brooklyn, New York"
"California"
"Washington, DC"
"Sumter, SC"
"Alabama"
"South Windsor, CT"
"Pine Bluff, AR"
"Tyngsborough Massachusetts"
"Clearwater Florida "
"New York, USA"
"United States"
"Peabody, MA"
"Rotterdam, The Netherlands"
"Washington, DC"
"Nowhere land"
"S„o Paulo, Brasil"
"Atlanta, GA"
"Norfolk, VA "
"Ohio, USA"
"Florida, USA"
"California"
"SW US"
"Powell, OH"
"ILL but not much longer "
"New York City"
"New Orleans"
"Tallahassee, FL"
"New York City"
"Jacksonville, FL"
"Washington, DC"
"Lafayette"
"Longview, TX"
"Winnipeg"
"Deep in the Hills"
"Los Angeles, CA"
"Indianapolis, IN"
"US, NY"
"Maryland, USA"
"Earth"
"United States"
"Cuero, Texas"
"Boston, MA"
"los angeles"
"Marlborough MA"
"Ocean State "
"Puerto Rico, USA"
"North Carolina, USA"
"Florida, USA"
"National"
"Ridgefield CT"
"chasin benjis"
"Washington, DC"
"United States"
"Houston, Tx"
"Holly Springs, NC"
"Texas, USA"
"New Jersey, USA"
"Powell, OH"
"Greenville, SC"
"Columbia SC"
"Michigan"
"Houston"
"Manhattan, NY"
"New York, USA"
"Atlanta"
"Tennessee, USA"
"South Dakota"
"Phoenix"
"Atlanta"
"Kansas City"
"United States"
"Oakville, CT"
"Rhode Island, USA"
"Fort Lauderdale, FL"
"Madrid, Comunidad de Madrid"
"Globetrotter"
"Charleston, South Carolina"
"Sydney"
"Villa Park, Illinois"
"United States"
"<U+2B50>The Republic of Texas <U+2B50> "
"NY/ FL"
"North Carolina"
"Coastal GA"
"Wilmington, DE <U+26C5><U+FE0F>"
"Delaware, USA"
"Philadelphia, PA"
"Houston, TX"
"Chicago, IL"
"Alexandria, VA"
"Powell, Ohio"
"Yucat·n, MÈxico"
"NEW YORK"
"Washington, DC"
"Carrollton, TX"
"USA"
"11355 ,11225,"
"Caguas, P.R"
"United States"
"Earth"
"Belgrade"
"Corpus Christi, TX"
"Texas, USA"
"Illinois"
"New York, NY"
"LA"
"Truckee, CA"
"Brooklyn, NY"
"DC"
"Pensacola, FL"
"United States"
"California"
"MNL, PH."
"Berlin, Germany"
"Washington, DC"
"Newport Beach, CA"
"Philadelphia pa"
"United States"
"Florida, USA"
"41.516386,-74.830971"
"United States"
"United States"
"Washington DC"
"Southern Illinois"
"Pawleys Island, SC"
"Seekonk, MA"
"Brunswick, GA & Atlanta, GA "
"Foxboro, MA"
"Riverside, CA"
"USA"
"New York, USA"
"MÈxico"
"New England"
"Calabasas, California 91302 "
"Los Angeles, CA"
"Scottsdale, AZ"
"Ocala, FL"
"Caguas, PR<U+2708><U+FE0F>Ocala, FL"
"laredo texas"
"MÈxico"
"San Antonio, TX"
"Beaver Falls, PA"
"beech island"
"Florida, USA"
"Augusta, Ga. - CSRA"
"Mty "
"Ocala, FL."
"Ohio, USA"
"Las Vegas, NV"
"California, USA"
"New York, NY"
"Tucker, GA"
"United States"
"Pulaski, Wisconsin"
"California, USA"
"Deplorable Nation"
"Anaheim, CA"
"Waco TX"
"United States"
"Indiana, USA"
"Victoria, Australia"
"Minnesota"
"NYC"
"Indiana, USA"
"Texas, USA"
"FR TOMS RIVER NJ NOW NUTLEY NJ"
"California, USA"
" old Constitutional Republic "
"Los Banos, CA"
"Florida"
"Terra"
"United States"
"Washington State"
"its a secret per US government"
"Podunk, IA"
"Commieaforia"
"Orange County, CA"
"Occupied South Carolina"
"westwestwestwestwestwestwest"
"Donde sea"
"Missouri "
"United States"
"Georgia, USA"
"Estados Unidos"
"Jonesboro, GA"
"United States"
"Arizona"
"California, USA"
"NO LIST#MAGA#2A#PATRIOT#WTP"
"Columbus, OH"
"Scottsdale, AZ/North Texas"
" Miami FL"
"Chico, CA & Pinedale, WY "
"New York"
"saltillo "
" Missouri"
"Mid-South"
"Chicago, IL. Houston, TX. "
"San Antonio, TX"
"Dallas, TX"
"Kentucky"
"Chicago, IL"
"iPhone: "
"Brooklyn, NY"
"Maryland, USA"
"Michigan, USA"
"Buffalo, NY"
"Merced County"
"United States"
"Planet Earth"
"mystic"
"Ohio"
"keiser arkansas "
"Cincinnati, OH"
"912"
"Baltimore, MD"
"Orange Cove, CA"
"It's In The Game"
"International"
"Vestavia Hills, AL"
"Atlanta, GA"
"San Francisco"
"WORLD"
"Canton,Ga"
"Other earth that they found "
"Atlanta, GA ATLiens "
"Atlanta<U+2708><U+FE0F>Wakanda "
"gresston georgia"
"Metairie, Louisiana"
"San Marcos, TX"
"Planet X "
"Atlanta"
"Atlanta, GA"
"‹T: 33.679085,-84.198196"
"Atlanta University Center, Atlanta, GA, USA"
"O-Range The Hood"
"ATL, GA"
"Mobile, AL"
"ATL"
"Atlanta, GA"
"Atlanta"
"Georgia, USA"
"Atlanta,GA"
"Midwest/USA"
"Northern Michigan"
"Atlanta"
"Tomball, TX"
"luisavhand@pinterest.com"
"Savage Land"
"United States"
"South Carolina, USA"
"Houston, TX"
"Los Angeles, CA"
"Riverside, CA"
"Denver, Co 5280 "
"Atlanta/Las Vegas"
"Looking at Hot chicks asses"
"Oceanside, CA"
"Colorado Springs, CO"
"Fontana, CA"
"My Swamp"
"Ridgeway, VA"
"Nebraska, USA"
"Portland, OR"
"California"
"Tweetdeck City"
"Atlanta, GA"
"South Louisiana"
"United States"
"Lincoln"
"Atlanta, GA"
"Atlanna "
"EspaÒa (Galicia) CoruÒa+Orense"
"Memphis, TN"
"TENNESSEE / NOLA"
"Columbia, SC/Forest Acres"
"Staten Island, NY"
"mississippi"
"Houston, TX"
"Nowhere"
"Arizona"
"Burlington, Wisconsin"
"Las Cruces, NM"
"Smyrna, GA"
"Martinez, GA"
"Hamilton"
"Atlanta, GA"
"Phoenix, Arizona"
"Phoenix, Arizona"
"Gwinnett County"
"Sand am Main"
"Durham NC<U+27A1><U+FE0F>Norcross GA<U+27A1><U+FE0F>Macon "
"Boston, MA, lowell  ma!"
"San Jose"
"Forest Acres, SC"
"San Jose, CA"
"Somewhere USA "
"Atlanta, GA"
"NOLA"
"Philadelphia, PA"
"Austin, TX"
"Temple Hills MD"
"Phoenixville, PA"
"Albuquerque, NM"
"TDE | MA"
"State College/Philly"
"Frederick<U+27A1><U+FE0F>Gunnison, CO"
"Indianapolis, IN"
"Philly/NJ"
"Atlanta, GA"
"Tennessee, USA"
"Mesa, Az"
"Charlotte, NC"
"Charlotte, NC"
"California, USA"
"Athens, GA"
"Connecticut, USA"
"Mount Olympus"
"Purwakarta, Indonesia"
"NJ "
"SRQ by way of Chitown"
"New York City, NY"
"Columbus, NJ"
"Georgia"
"Rio Rancho, NM"
"Elberton, GA"
"Connecticut, USA"
"Cullowhee, NC"
"Pleasanton"
"Tampa, FL"
"Gulf Coast, Mississippi"
"Longmont, CO"
"LaGrange, GA, USA "
"Albuquerque, NM"
"West Monroe, Louisiana"
"Duluth GA "
"Buford, GA"
"Albuquerque, NM"
"Albuquerque but from Philly"
"Atlanta, GA"
"College Park, GA"
"New York, USA"
"New Orleans or Nowhere 5<U+20E3>0<U+20E3>4<U+20E3>EVER"
"Pennsylvania, USA"
"Cartersville, GA"
"San Diego<U+2600>"
"johns creek, ga"
"Seattle, WA"
"North East Ohio"
"New Orleans / Memphis "
"Atlanta, GA"
"Cumming, GA"
"New York"
"Indian Trail, NC"
"Northern hemisphere"
"New Orleans"
"Golden Beach, FL"
"Long Island NY"
"Woodstock, GA"
"USA"
"College Park, GA"
"Your Feels"
"Rural Hall, NC"
"Nashville, TN"
"Louisville, KY"
"Slidell, LA"
"Columbus, Ohio"
"atl"
"10.31.15"
"403 YYC"
"SoufSide College Park "
"Gulf Coast, USA"
"All over<U+2708><U+FE0F>Flights. ATL<U+25B6><U+FE0F><U+2708><U+FE0F>"
"Solitude"
"Houston"
"Ho<U+274C>e"
"Thotlanta <U+2708><U+FE0F>"
"League City,TX"
"Winder, GA"
"The South"
"Atlanta, GA"
"Newport Beach, CA"
"Long Island, NY"
"Buford, GA"
"Toronto, Ontario"
"on your mind and your TL"
"Flying high <U+2708>"
"Miami "
"Hencho en NOLA"
"Louisiana <U+269C><U+FE0F>"
"everywhere "
"New Jersey, USA"
"ATL "
"N.O."
"Maryland, USA"
"Marietta, GA"
"Greensboro"
"North Carolina, USA"
"College Park Georgia"
"Somewhere in Black and Gold<U+269C>"
"Vacherie, Louisiana"
"Atlanta, GA"
"Danville.CA"
"Mount Ephraim, NJ"
"Arlington, TX"
"East Dublin, Ga "
"Commack, NY"
"New Castle, Pa. "
"Str‰ngn‰s, Sverige"
"Anywhere but here"
"Wisconsin"
"Kearny, NJ"
"Howard, WI"
"Kalamazoo, MI"
"Auburn University"
"Atlanta, Georgia"
"Green Bay, Wisconsin"
"hertfordshire"
"Atl, JAWJA"
"Louisiana, USA"
"Kansas City"
"On my island, in my own world."
"Madison"
"New Orleans"
"Birmingham, AL"
"New Orleans, Louisiana"
"Rochester, NY"
"Rochester NY"
"Ewing, NJ"
"New Orleans, LA"
"Buford, Georgia"
"Las Vegas, NV"
"Columbia, SC"
"RichCity, KY"
"Foxborough, MA"
"Norwalk, CT"
"Philly"
"Texas"
"dayville ct"
"Studio City, Los Angeles "
"North Platte"
"Tamaulipas"
"Erin, Ontario"
"Memphis, TN"
"Texas"
"USA"
"SJ, CA"
"New York, NY"
"Mansfield, OH"
"New England"
"People's Republic of Kekistan"
"Madison, WI"
"Las Vegas"
"New Hampshire, USA"
"San Francisco"
"Flint, USA"
"Michigan, USA"
"Los Angeles, CA"
"Mississippi, USA"
"Concord, NC"
"adrift"
"North Carolina"
"The Mountains"
"Manhattan Beach, CA"
"Athens, GA  + Franklin, TN"
"Port St Lucie, FL"
"Detroit, Michigan"
"Texas"
"Houston"
"Storybrooke Maine"
"North Carolina"
"Elmore, Ohio"
"Garden City, NY"
"Arizona"
"South Carolina"
"SambÛdromo"
"Texas"
"United States"
"USA"
"Eastern North Carolina"
"Florida, USA"
"Colorado/Utah"
"Okanagan B.C. Canada"
"Akron, OH"
"California, USA"
"Saint Louis MO"
"Quantico, VA"
"McClellanville,SC"
"Miami, FL"
"district 4 "
"San Francisco, CA"
"Henderson, NV"
"York, PA"
"27/10/13/27/10/15"
"Florida, USA"
"Michigan, USA"
"Las Vegas, NV"
"Edmonton, AB"
"Wilson, NC"
"Jupiter, FL"
"Denver, Colorado"
"Manhattan, NY"
"Las Vegas"
"South Korea"
"Fort Lauderdale, Florida"
"Denver, Colorado"
"United-States Of America"
"Los Angeles, CA"
"Los Angeles, CA / Denver, CO"
"Charlestown, ma"
"Rock Island,IL"
"Maryland"
"Virginia, USA"
"Long Island New York"
"US"
"Sicklerville, NJ"
"Atlanta, GA"
"Washington, DC"
"the phx"
"Heinz field"
"Texas, USA"
"Global - HQ: New York, USA"
"All over your face!"
"in the kitchen . . . eating"
"El Paso, TX/ Mexico "
"Washington, DC"
"St. Paul, MN"
"Washington, DC & Philadelphia"
"Brooklyn, NY"
"Raleigh, NC"
"earth"
"Pennsylvania"
"Pennsylvania"
"California"
"Smyrna, DE"
"USA"
"New York"
"Texas"
"EST USA "
"Texas, USA"
"Ohio, USA"
"Tucson, AZ"
"London, England"
"Cardiff, Wales"
"New Hampshire, USA"
"Toronto. Canada"
"New York"
"Denver, CO"
"Chicago/Boca Raton"
"Atlanta, GA, United States"
"Michigan, USA"
"FT Lauderdale, FLA "
"Brooklyn Heights, NY"
"Brooklyn, USA"
"West Virginia"
"California "
"Seattle, Washington"
"western kentucky"
"Republic of TEXAS"
"Chapel Hill, North Carolina"
"Georgia"
"Missouri"
"Grimsby, England"
"Sandy Shores"
"Michigan, USA"
"Washington DC"
"New York/Montclair, NJ"
"Pennsylvania"
"Edmonton, Alberta"
"United States"
"Garden City, ID"
"Washington, DC"
"Oberrohrendorf
"
"Hendersonville
"
"West Ishpeming
"
"Kapowsin
"
"Haslberg
"
"Jial
"
"Krenneck
"
"South Carolina, USA"
"South Carolina, USA"
"United States"
"Fort Lauderdale, FL"
"Cleveland"
"Hudson Valley, NY"
"Montville, CT"
"California, USA"
"Richmond, VA"
"Accra, Ghana"
"Dover, DE"
"Pickerington, Ohio"
"in or around Dallas"
"Los Angeles; New York"
"USA"
"Indiana, USA"
"Baltimore,MD"
"Indianapolis"
"Indianapolis, IN"
"Washington, DC"
"Brasil"
"Florida, USA"
"Ireland"
"USA"
"Chicago Il"
"Austin, TX"
"New York, NY"
"TRUMP NATION USA 2017-2024 "
"America "
"Indianapolis"
"Indianapolis, IN"
"San Diego, CA"
"USA"
"Durham, NC"
"United States"
"Elmwood Park, IL"
"Montgomery, AL"
"atlanta suburbs"
"USA "
"Gamehendge/Denver, CO"
"Bethesda Maryland"
"Bethesda Maryland"
"Minnesota"
"Pennsylvania, USA"
"Plantation, FL via Boston, MA"
"Rhode Island, USA"
"Texas, USA"
"Atlanta, GA"
"Wallingford, CT"
"Sacramento, CA"
"United States"
"South Carolina/ United States"
"Melbourne, Victoria"
"Dallas by way of Boston, NYC"
"firsttimewatchers@gmail.com"
"South"
"New Haven, Connecticut, USA"
"Philadelphia"
"Virginia but Ohio born"
"NJ"
"Korea    "
"Youngstown, Ohio"
"Texas"
"California, USA"
"New York, NY"
"Everywhere you've never been."
"Indianapolis, IN"
"They're Heeeere....."
"Lookin for Bl¸ $trip$"
"USA"
"New York, USA"
"San Luis PotosÌ, MÈxico"
"St. Louis, MO, United States"
"manchester"
"Yorkshire "
"Johnson City, TN"
"South Florida"
"Minnesota"
"South side"
"Sandy Springs, GA"
"Ireland "
"Syracuse, NY"
"North Tonawanda, NY"
"somewhere in Africa"
"OHIO"
"Norfolk"
"the woods"
"Newburgh"
"Iceland"
"Homestead, FL"
"United States"
"Eden Prairie, MN"
"Hesperia, CA"
"San Diego, California"
"Istanbul, T¸rkiye"
"United States"
"The Evergreen State"
"boston"
"New York, USA"
"Laurel, MT"
"Wadsworth, Ohio"
"Washington DC,United States"
"Baton Rouge, LA"
"Howell, NJ"
"KGRG-FM, Green River College"
"Winnipeg, Manitoba, Canada"
"United States"
"Maryland, USA"
"Francia"
"Pueblo CO"
"Redding, CA"
"Austin, TX"
"United States"
"Boston/Miami/Aruba"
"SALVADOR BAHIA BRASIL"
"New York, NY"
"United States"
"California, USA"
"United States"
"Boston"
"Illinois, USA"
"San Antonio, TX"
"Toronto"
"On The grid iron"
"Houston TX"
"Greene, NY"
"Western Carolina"
"Roanoke VA"
"Florida, USA"
"Endicott, NY"
"Global"
"Santa Monica California"
"Toronto"
"USA"
"Texas, USA"
"Los Angeles, CA"
"Cali"
"Minnesota, USA"
"Lynn, MA"
"Chesapeake, VA"
"California, USA"
" Brooklyn, NY "
"New Jersey, USA"
"Taylor, PA"
"Silesia"
"New York, USA"
"Canada, UK, USA"
"Tampa, FL"
"Hollywood, CA"
"the studio"
"Dearborn Heights, Michigan "
"Atlanta, GA"
"Massachusetts, USA"
"NYC"
"Long Island,NY"
"Essex, United Kingdom"
"Rhode Island"
"Southern, NJ"
"Cali. USA"
"philadelphia,pa"
"Rhode Island, USA"
"Orange County, CA"
"BosAngeles"
"Woodbridge, Ontario"
"Madison"
"Kentucky, USA"
"Nogales, Sonora"
"The Republic of TEXAS"
"Connecticut"
"Not at Lambeau Field :("
"Scottsdale, Arizona"
"Black Lives Matter"
"Las Vegas, Nevada"
"Westeros"
"Atlanta, GA"
"LeBron's basement "
"United States"
"Houston, Tx"
"Brooklyn, NY"
"Astoria NY"
"Los Angeles"
"Milford, OH"
"The Counselor's Office"
"Charleston, SC"
"Tennessee, USA"
"Atlanta, GA"
