"x"
"$A , TEXAS"
"Columbus, OH"
"Bluffdale, UT"
"United States California delta"
"260"
"Ireland"
"'Merica"
"New York, USA"
"California, USA"
"Texas USA"
"United States"
"Los Angeles, CA"
"USA"
"New Orleans, LA"
"Cordele, GA"
"Waukesha, WI"
"504"
"Detroit, MI"
"Shreveport, Louisiana"
"New York"
"Baltimore, MD"
"the woods"
"Missouri, USA"
"New York, NY"
"Washington Court House"
"District of Columbia, USA"
"Okinawa, Japan"
"Georgia, USA"
"McAllen, TX"
"San Diego, CA"
"Chandler, AZ"
"NY to LA"
"Philly"
"Caldwell, ID"
"Brooklyn, NY"
"Finland"
"The Woodlands, TX"
"Tulsa"
"Charlotte, NC"
"Naugatuck CT"
"mountain view, arkansas"
"God Bless America"
"Queens, NY"
"ATX"
"Georgia, USA"
"Georgia, USA"
"Georgia, USA"
"Somerville, MA"
"Owatonna, MN"
"San Angelo, TX"
"Posted on the Grove"
"Connecticut"
"Amherst, NY"
"New York, USA"
"Flyover country"
"Johnstown, PA"
"Arlington, TX"
"RJ"
"Los Angeles"
"LA"
"Hometown - Chicago, Illinois"
"Hollywood, Los Angeles"
"McAllen, TX"
"Bahamas"
"Omaha, NE & Nashville, TN"
"M·laga"
"Los Angeles"
"Brentwood, Los Angeles"
"NYC"
"(d)m(v)"
"Palm Coast, FL"
"Greenville, SC"
"Sparta WI"
"Cherry Hill, NJ"
"Tyler, United States"
"Indiana, USA"
"Scotland, United Kingdom"
"Mexico"
"Conway, AR"
"california coast"
"San Antonio, TX"
"Tulsa, Oklahoma"
"Los Angeles, CA"
"Florida, USA"
"#Atlanta, GA"
"Houston, TX"
"Austin, TX"
"Colombia"
"Everywhere"
"Los Angeles, CA"
"Texas, USA"
"Missouri, USA"
"San Luis Obispo, CA"
"Evanston, IL"
"Florida, USA"
"Michigan, USA"
"Atlanta, GA"
"Lino Lakes <U+2708><U+FE0F> Winona "
"Wilmington, NC "
"Winston-Salem, NC"
"looking for perfection"
"Arkansas-Memphis-Tampa Bay "
"Newport Beach, California"
"Brooklyn, NY"
"Missoula, MT"
"San Antonio, TX"
"Richmond, VA"
"Texas, USA"
"Atlanta"
"Raleigh, NC"
"wpg"
"Los Angeles, CA"
"DeSoto, TX"
"California, USA"
"Indiana, PA"
"Memphis, TN"
"Venus"
"Damo Ave. DMV/NY"
"San Francisco"
"Bogota, New Jersey"
"Colorado Springs, CO"
"New York, NY"
"Irving, Texas"
"California, USA"
"Irving, TX"
"Kemah, TX"
"Green Bay, WI"
"New Orleans"
"Los Angeles, CA"
"Deep in the heart of Texas"
"Phoenix, AZ"
"Simi Valley,CA"
"Bremerton, WA"
"Missouri City, TX"
"silver spring MD"
"USA"
"Low End, Chicago"
"WestSide"
"Alabama, USA"
"Los Angeles"
"Irving, TX"
"Ireland"
"Guru fas¸lye"
"Calhoun, GA"
"Arizona, USA"
"MÈxico"
"Long Island, New York"
"Houston, TX"
"Chandler, AZ"
"flame city | mohammad c"
"Sioux City, IA"
"In a bottle. Just rub. "
"Longmont, Colorado"
"new york city"
"pflugerville, tx"
"Ottawa, Ontario"
"New York, USA"
"Hermosillo, Sonora"
"California"
"Fort Worth, TX"
"I'm right here"
"Brooklyn, NY"
"STL MO"
"Las Vegas"
"Ottawa, Ontario"
"Colorado Springs, CO"
"austin, tx"
"Detroit, MI"
"Staffordshire, U.K."
"San Marcos, TX"
"United States"
"Dallas Texas"
"North America"
"Niles, IL"
"Chicago, IL"
"Houston, TX"
"Houston, TX"
"Houston, TX"
"Columbus,Ohio"
"New Ulm, MN"
"El Salvador"
"Detroit"
"Chicago Illinois"
"Tempe, AZ"
"New York, USA"
"Mississauga"
"Santiago, RegiÛn Metropolitana"
"NC"
"Jersey"
"stranger in moscow"
"Martinsville, NJ"
"St Petersburg, FL"
"Austin, TX"
"San Francisco, CA"
"Dallas, TX"
"Arlington, VA"
"Your dads face"
"Montreal, Toronto, Miami"
"Germany"
"bru vini"
"Miami, Florida, United States"
"Miami, Florida"
"Miami, FL"
"Miami, FL"
"Miami-Dade & Broward"
"Miami, Florida"
"Norman, OK"
"OCALA, FL"
"Michigan"
"Houston, TX"
"Tennessee"
"Toronto, Ontario"
"Houston"
"London England"
"Inland Empire CA"
" Montgomery, IL"
"Atlanta, GA"
"DM{V} "
"Lawrenceville, GA"
"USA"
"Austin, TX"
"OKC,USA"
"Utah, USA"
"LA"
"Brooklyn, NY"
"Texas"
"Dallas, Texas"
"High Bridge "
"USA"
"Dallas, TX"
"Stafford, VA"
"Pittsburgh, PA"
"Illinois, USA"
"Los Angeles, CA"
"Palm Springs, CA"
"Hollywood, CA"
"california"
"Brooklyn, NY"
"Philadelphia, PA"
"Your dad's bed"
"The Future"
"New York, USA"
"Greeley, Colorado"
"Chicago "
"304"
"North Carolina, USA"
"Phoenix, AZ"
"Enid, Oklahoma"
"AVA 900blk "
"OH"
"Bakersville"
"DePere,Wi"
"Malvern, PA"
"New York"
"Anoka, MN"
"New York, NY"
"410"
"Roseville "
" Risaralda  Colombia "
"Los Angeles, California"
"Choctaw, OK"
"MessiahComplex- Interzone"
"Aurora, IL"
"Washington, DC"
"La RÈunion, France"
"Miami, FL"
"EVERYWHERE"
"Sanford, FL"
"Michigan"
"Michigan, (she, her) "
"Michigan"
"Philadelphia, PA"
"AnchorRage city "
"Alabama, USA"
"Els meus fills; Chels i Chase "
"New York City"
"sc: yournothezzy ig:chillhezzy"
"Houston, TX"
"Brazil"
"DMVirginia"
"Atlanta, GA"
"California "
"United States"
"Houston, TX"
"Middle Earth"
"Lambeth, London"
"The land "
"Georgia, USA"
"Borrego Springs, California"
"FXBG"
"Morgantown, WV"
"d(m)v"
"Crack Murdaland , AC, NJ USA"
"MÈxico"
"Florida, USA"
"NY ï DM|V| "
"St Andrews"
"Dreamville, North Carolina"
"London, Ontario"
" Isle of Man (Manx: Yessir!)"
"Belgium"
"Steeler Nation"
"Mississauga Ontario"
"United States"
"with God "
"Working somewhere....."
"Chicago"
"New York, NY"
"United States"
"Toluca, MÈxico"
"Colorado Springs, CO"
"Chaska, MN"
"California, USA"
"Suffield, CT"
"dmv "
"Kilkenny, Ireland"
"slytherinô"
"Perth, Perth (WA)"
"Jas<U+2764><U+FE0F>"
"Somalia"
"New York"
"Arizona"
"FL"
"Manorville, NY"
"Tyler, Texas "
"609 Æ"
"$oufsideeee, DC<U+2708><U+FE0F> UMES"
"Brooke owns this "
"New York, New York"
"Fresno, CA"
"Milwaukee, Wisconsin, USA!"
"WelcomeToMyFuckedUpWorld"
"Milwaukee, WI"
"Jersey"
"Dreamville"
"Baltimore"
"DownBottom 33"
"Michigan, USA"
"Milwaukee, Wisconsin"
"Paris, Ile-de-France"
"Londrina, Brasil"
"Atlantis"
"Atlanta, GA"
"Carey High School, Ohio"
"India, New Delhi"
"Ballin"
"Ohio, USA"
"Houston, Tx"
"Sunny Southern California"
"Pennsylvania"
"Add your location"
"San Jose, CA"
"STO-LA-NYC/RI-LA-STO"
"Pennsylvania, USA"
"Green Bay, WI"
"Houston, Tx"
"Maryland"
"Toronto"
"London, ON"
"agg"
"757<U+2708><U+FE0F>DTX"
"#409 "
"Worldwide"
"Piqua,OH"
"Suwanee, GA"
"Washington, DC"
"Mean Girl Section"
"baldimoore"
"Trill, Texas"
"GFC HQ Rome, NY "
"West Lafayette, IN"
"The Land"
"Raleigh"
"Chicago, IL "
"Troy, MI"
"Troy, MI"
"Berea, OH"
"Las Vegas, NV"
"Global "
"Hermosa Beach, CA"
"Ottawa, ON"
"Lost In Paradise... "
"Monterrey"
"Qway"
"Grinnell, IA"
"New Orleans, LA"
"Suffolk, Va"
"Raleigh,NC  "
"KR<U+27A1>440"
"Oklahoma, USA"
"Janky<U+2B55><U+FE0F>"
"Vermilion "
"gone"
"Toronto, Ontario"
"Houston, TX"
"Atlanta, GA "
"Mexico"
"Philadelphia"
"Brampton, Ontario, Canada"
"Minneapolis"
"California, USA"
"Denver, Colorado "
"WarsawPL/H.TX/L.NY/L.A.CA/S.M.CA/S.FL"
"Denver, CO"
"Houston, Texico"
"New Orleans "
"Anoka County, MN"
"Cali"
"Prescott, AZ"
"Louisiana, USA"
"Toronto, Ontario"
"Rosewood, Pensilvania"
"Washington, DC"
"Ocala, FL"
"North Carolina, USA"
"Oregon, USA"
"TAMPA BAY"
"The Woodlands, TX"
"California, USA"
"Asheville, NC"
"USA"
"Louisville, KY"
"Garden City, ID"
"Florida, USA"
"Washington, DC"
"Trumpistan"
"Michigan, USA"
"USA"
"New Orleans <U+2708> Cali <U+2708>HTX"
"Manhattan, NY"
"United States"
"Edmonton, Alberta"
"Houston, TX <U+2708><U+FE0F> Bay Area , CA"
"Seymour,IN"
"Edmonton Ab"
"Manhattan, NY"
"Houston, TX"
"Texas"
"Philadelphia"
"Harrisburg PA"
"Indianapolis, IN"
"Moncton, NB"
"Pittsburgh, Pa"
"Chocolate City "
"Portland, OR"
"Brooklyn, NY"
"Monterrey, Nuevo LeÛn"
"Michigan, USA"
"Carey, OH"
"United States"
"Prensa "
"Toronto, Ontario"
"Washington, DC"
"Nairobi"
"Chapel Hill, NC"
"Louisiana"
"New York, NY"
"Cleveland, OH"
"In my cozy bed "
"Alexandria, VA"
"Spring,Tx"
"Raleigh,NC"
"Albany, New York"
"Vermilion, Ohio "
"Wichita, KS"
"New York, NY"
"Richmond, VA"
"Austin, Tx."
"Atlanta, Ga"
"Largo, MD"
"Toronto, Ontario"
"Texas, USA"
"Denver, CO"
"MÈxico"
"In the cloud"
"Austin Texas"
"Brick Jungle, New Orleans"
"Becker, MN"
"Dallas, Texas"
"Wherever God leads me"
"Boulder, CO"
"Never Never Land"
"New York, NY"
"California"
"Cheshire"
"MEXICO"
"Roselle, IL"
"Ohio"
"Atlanta"
"middle of nowhere, PA"
"United States of America "
"DMV"
"Landova "
"The B to Baton Rouge"
"National"
"Toronto, ON"
"Cheshire, CT"
"South Carolina, USA"
"Indiana, USA"
"Ulster County, New York, USA"
"Auburn, AL"
"Hannah"
"New Jersey, USA"
"Lowestoft"
"Oklahoma, USA"
"USA"
"Houston, Tx"
"Jersey"
"CA"
"Denver, CO"
"Manhattan, NY"
"DC "
"Kentucky, USA DC raised"
"Washington, DC"
"NYC"
"Atlanta"
"Virginia, USA"
"Sudbury, Ontario"
"New York City "
"Tri-Cities, WA"
"Lima - Peru"
"Louisa, Virginia "
"Dallas/Fort Worth, Texas"
"Texas, USA"
"Dallas-Fort Worth, TX"
"Los Angeles, CA"
"Gotham City"
"United States"
"BurbankIN-N-OutW/MyTinderoni"
"Missoula, MT"
"301"
"D(<U+303D><U+FE0F>)V "
"New York "
"Lakewood, NJ"
"Houston,Tx"
"Hyde Park, Chicago"
"United States"
"Houston, TX"
"Georgia, USA"
"Oklahoma, USA"
"Miami, FL"
"Lancaster, PA"
"Somewhere in Western New York"
"Palos Verdes Estates, CA"
"San Mateo, CA"
"Huntersville, NC"
"Exeter, Devon"
"Philippines"
"Cleveland, OH"
"Ohio"
"KwaNdongaziyaduma"
"Turku"
"little rock Arkansas "
"Cologne, Germany"
"maryland"
"Atlanta, GA"
"Manchester, England"
"Madison, AL"
"New Orleans, LA"
"Oregon, USA"
"Provence"
"DC"
"Alabama, USA"
"New York, NY"
"Uptown"
"Los Angeles"
"Distrito Federal, MÈxico"
"Cuernavaca"
"San Diego, CA"
"Georgia, USA"
"Los Angeles, CA"
"California, USA"
"Los Angeles, CA"
"301 to  757"
"Stoney Creek, Ontario, Canada "
"Ina Cutt "
"Staying out da fvckin way!"
"Ensenada, Baja California"
"3740hayes st NORTHEAST<U+2757><U+FE0F><U+2757><U+FE0F>"
"EspaÒa"
"Pennsylvania"
"Georgia"
"San Diego, CA"
"Washington, DC"
"Amiens, France"
"Being cute "
"Zoo Jersey or Virginia "
"D(M)V.  "
"Denver, CO"
"Hermosillo, Sonora, MÈxico."
"From Kauai to The 6ix"
"usf 2020"
"Cleveland, Ohio"
"Istanbul"
"Neenah"
"vicksburg Michigan "
"Formerly of Seattle"
"San Diego, CA"
"United States"
"Detroit, MI"
"Marietta, GA"
"Puyallup, WA"
"Where ever Bassnectar is"
"Minnesota, PNW, dreams"
"Worldwide"
"Portland, Oregon"
"Oregon, USA"
"Glenarden, MD "
"cc tx"
"Fort Worth, TX"
"YYC"
"Washington, DC"
"Laguna Beach, CA"
"Some Where Grinding"
"Merlin, OR"
"St. Augustine, Florida"
"Detroit, MI "
"Atlanta, GA"
"Nashville"
"Murrland raised Boston Paid "
"Houston, TX"
"Indiana, USA"
"Texas, USA"
"Washington, DC"
"North Center, Chicago"
"World"
"The valley"
"India"
"MÈxico"
"Houston, TX"
"Detroit <U+2708><U+FE0F> Arizona"
"Acme, Alberta"
"unceded Coast Salish land"
"New York, NY"
"Atlanta"
"Los Angeles, CA"
"Georgia, USA"
"A."
"Tuscaloosa, AL"
"New Orleans, LA"
"KDY"
"Maryland"
"Ft Hood"
"Florida, USA"
"Texas/Taft"
"Winnipeg, MB"
"oakland, ca"
"East Cleveland"
"Washington, D.C."
"Winnipeg,Canada"
"Florida, USA"
"MD/ATL"
"24 ona backroad BOM "
"Columbia || St. Louis"
"Belle Glade Florida"
"New York / Atlanta / LA"
" "
"Belgium"
"New Orleans or Nowhere 5<U+20E3>0<U+20E3>4<U+20E3>EVER"
"Pittsburgh, PA"
"Shillington PA"
"North Carolina, USA"
"LOUISIANA "
"trackfield"
"Texas, USA"
"Globetrotter"
"TorreÛn, Coahuila de Zaragoza"
"North Carolina<U+2764>"
"Osaka, Hikkado, Japan"
"Santa Barbara CA"
"Boonville,NY"
"Alexandria, VA"
"CLVLND"
"#LEKL "
"Out Da mix "
"Probablemente soportando a Vio"
"Jerseyyyyyy"
"DC"
"miami"
"Portland, OR"
"New York"
"Atlanta, Georgia"
"Maryland, USA"
"San Fernando Valley"
"onna feild"
"‹T: 40.641809,-111.809218"
"Scotland"
"Chicago, IL"
"Reno, NV"
"Outside of Philadelphia "
"Nashville, TN"
"br la"
"Maryland"
"San Diego, CA"
"Windsor, Ontario"
"New York"
"Michigan "
"Lexington, KY"
"one of the bad timelines"
"Southbridge"
"California"
"Alone man in Bangkok"
"A field near you"
"commonwealth"
"Chicago"
"Texas"
"Blue Springs, Missouri, USA"
"Suisun City, California"
"Los Angeles, CA"
"Atlanta, GA"
"My America "
"Sidney, British Columbia"
"Decatur, GA"
"Atlanta, Georgia, USA"
"USA"
"Los Angeles, CA"
"Youngstown, OH"
"The 978"
"South Carolina, USA"
"Virginia Beach, VA"
"Buies Creek, NC"
"riverside, Ca"
"USA!"
"Bristol, New Hampshire"
"South Carolina, USA"
"Xavier Institute"
"Carrollton "
"Bay Area, CA"
"O'Fallon, MO"
"Pale Blue Dot"
"Huntsville, TX"
"Paradise, NV"
"Burbank, CA"
"Nevada, USA"
"Pennsylvania, USA"
"South Florida"
"Houston, TX "
"Virginia, USA"
"New England"
"Hollywood, CA"
"North Carolina, USA"
"Virginia Beach, VA"
"The Mile High City"
"Los Angeles"
"Australia"
"Florida, USA"
"Connecticut, USA"
"Ferrysburg, MI"
"Lexington, SC"
"Levelland, TX"
"Ottawa, Ontario"
"OHIO RIVER VALLEY"
"New York City"
"California, USA"
"United States"
"New York, USA"
"Los Angeles "
"Westchase, FL"
"Nashville, TN"
"Connecticut"
"Washington, DC"
"Philadelphia"
"Texas"
"Middle of there. Yup! There!"
"Atlanta"
"Follow us on gab <U+27A1><U+FE0F>"
"San Mateo, CA"
"Pittsburgh"
"Decatur, GA"
"Illinois"
"Seattle, WA"
"Guatemala"
"New York, NY"
"Puerto Rico, USA"
"Atlanta, GA"
"Las Vegas, Nevada "
"Rochester, MI"
"Largo, FL"
"Tulsa, OK"
"Tennessee, USA"
"Poolesville, MD"
"New Jersey, USA"
"United States"
"2/12/13:10/21/13"
"Washington, DC"
"United States"
"United States"
"Hayward, CA"
"Roanoke, VA"
"Toronto, Ontario"
"Georgia, USA"
"Metro Atlanta"
"Ohio, USA"
"Oklahoma City"
"Atlanta, GA"
"Bellevue, WA"
"San Mateo, CA"
"Dublin,NC"
" University of Oklahoma"
"sfasu t&f "
"soundcloud.com/TheWaringWomen"
"Cleveland Ohio"
"I wish I were in, France"
"Arkansaw <U+E52F>"
"Philadelphia PA | London UK"
"Philadelphia, PA"
"Palm Bay, FL"
"Western Massachusetts"
"Maryland"
"NJ"
"Las Vegas, NV"
"SFL"
"Arizona, USA"
"Boston, MA"
"Arkansas"
"san buenaventura, CA"
"Loud City, OK USA"
"Emotionally compromised by TV"
"Miami, FL. "
"United States"
"FLAWDA"
"Washington, DC"
"Florida, Uruguay"
"USA"
"Washington Road, East Point"
"Portugal"
"The Skatch"
"San Francisco, CA"
"Sunnyvale Trailer Park"
"United States"
"USA"
"Northern Virginia"
"Earth or Something like it!"
"Huntington/Charleston, WV"
"Chicago"
"Somewhere South of Seattle"
"New Hampshire, USA"
"Kalamazoo, MI"
"The Capital Wasteland "
"The Heckzone"
"Superior, CO"
"Denver, CO"
"Salt Lake City, UT"
"Palm Desert CA"
"San Francisco, CA"
"Bowling Green, KY"
"Toronto"
"Atlanta, GA"
"The Bronx"
"Towson, MD"
"Divided States of America"
"Georgia, USA"
"Ireland"
"Columbus, OH"
"Lamar, South Caolina"
"Oregon"
"Charlotte, NC"
"Pompano Beach, FL"
"Lex, KY"
"Lexington"
"South Korea"
"Fayal Township"
"United States of Russia"
"Pratt, KS"
"Austin, Texas"
"Springdale"
"Wisconsin, USA"
"Chicago"
"California, USA"
"Cape Coral, FL"
"San Ysidro"
"NJ/NYC"
"Louisiana, USA"
"California, USA"
"Minneapolis, MN"
"Narnia"
"Wilmington, NC"
"New York"
"Bay Area, CA"
"Calgary, Alberta"
"philly,pa"
"Hoosier"
"The Murder Mitten <U+270B>313"
"KIngdom of Heaven God's Chosen"
"Albany Georgia"
"Minnesota, USA"
"In these streets."
"London, England"
"Thurman Thomas blocked me"
"Phoenix, AZ"
"Tampa, FL"
"Plano, TX"
"United States"
" Chief Sealth WA "
"New Orleans Metro"
"Florida State University"
"Virginia Beach, VA"
"Earth"
"Jacksonville , FL"
"Dallas, Texas"
"the callous daoboys"
"mexico"
"United Kingdom"
"Manchester, England"
"Miami, Fl"
"Las Vegas, NV"
"Westfield, MA"
"Connect-i-cut "
"Lansing, MI"
"Raleigh"
"DC"
"Staples Center"
"New York, NY"
"Frisco, TX"
"Cornwall"
"Minneapolis, MN"
"Houston "
"Atlanta, GA"
"Virginia, USA"
"Los Angeles"
"South Carolina, USA"
"Rotten Apple New York"
"UMASS AMHERST class of 2019"
"ascending. "
"Texas, USA"
"Snap: embracinreality"
"Atlanta Georgia"
"Atlanta, GA"
"Alabama, USA"
"Chicago Illinois"
"California, USA"
"Georgia, USA"
"California"
"Consequences and Reprocussions"
"Austin, TX"
"Salt Lake City, UT"
"aubrey, america"
"Aubrey, TX"
"Orange County, CA"
"Champaign, IL"
"the sunny side of the street"
"Alaska "
"Rock Island, IL"
"New York, NY"
"The Region"
"Boston."
"Chicago, IL"
"am Arlberg"
"Kappa Land <U+2666><U+2666><U+2666>"
"Minneapolis, MN"
"SUPER BOWL LI"
"Las Vegas"
"Bradenton, FL"
"Riverdale Ina Trenches"
"New Orleans, LA"
"Visalia, CA"
"United States"
"Syracuse, NY"
"South Africa, Cape Town"
"'      '"
"Detroit, Michigan"
"Toronto, ont."
"United States"
"Michigan, USA"
"San Antonio, TX"
"Camarillo, CA"
"USA USA USA USA USA USA USA US"
"iamyoursunday.tumblr.com"
"NW"
"indonesia"
"LOS ANGELES,CA"
"Under you"
"Planet Earth"
"PA near Philly"
"Green Bay"
"Huntington Park, CA"
"Minding My Own "
"RIP Tony. <U+2764><U+FE0F> "
"gaga's asshole"
"Estados Unidos"
"MÈxico"
"San Pedro Garza GarcÌa"
"Spain"
"Powell Valley, SWVA"
"Globally Connected"
"East Bay CA"
"Ripon, CA"
"California, USA"
"United States"
"Venice Beach, CA"
"Los Angeles, CA"
"Toronto, Ontario"
"<U+672D><U+5E4C><U+5E02>"
"Oakhurst, NJ"
"NoStylishThor"
"New York"
"Pembroke Pines, FL"
"Pembroke Pines, Florida"
"Hamburg, Deutschland"
"Olympia, WA"
"Japan"
"CÛrdoba, Argentina"
"Jensen Beach, FL"
"Milwaukee-Kenosha,WI"
"Kentucky & Ohio"
"Brooklyn, NY"
"bollywood"
"Georgia"
"Narnia<U+2661>"
"Stevens Point, WI"
"Brooklyn N.Y."
"New England, USA"
"Luna, EspaÒa"
"Haddon Heights, NJ"
"Santiago, Chile"
"Detroit, MI"
"England, United Kingdom"
"I ain't here"
"Houston, TX"
"laredo texas"
"Massachusetts"
"Culiac·n, Sinaloa"
"Maryland, USA"
"Houston, Tx"
"California, USA"
"Aqui , alla, en tu mente....."
"jacksonville fl"
"Palm Bay, FL"
"New York, USA"
"Niagara, Wisconsin"
"Killeen, TX"
"Roselle, NJ"
"Kashmir"
"Ohio, USA"
"San Diego,CA"
"Houston, TX"
"#Ottawa #Ontario #CANADA"
"Ohio"
"Kitchener, Ontario"
"England, United Kingdom"
"Birmingham, AL"
"Los Angeles, CA"
"C-Money "
"Calgary. Alberta."
"United States"
"Pittsburgh"
"Tyler, TX"
"Osaka-shi Konohana, Osaka"
"Monterrey, NL. MÈxico"
"Los Angeles, CA"
"Earth"
"LA<U+2708>The Top<U+261D>"
"USA"
"Lake Orion, MI"
"Collegeville, Pa"
"Indiana, USA"
"San Andreas"
"California, USA"
"The West Coast, USA.  Baby!"
"Space City, Texas"
"Chicago"
"National HQ in Michigan"
"New York, NY"
"San Francisco | Berlin"
"38.809995, -77.104304"
"Topeka, KS"
"Stuart, FL"
"Where the GPS stop working"
"Recalculating..."
"North Brabant, The Netherlands"
"Venezuela, lamentablemente. "
"coxa da Dinah Jane"
"Philadelphia, PA"
"Brooklyn, NY"
"DMV"
"San Mateo, CA"
"Texas, USA"
"bonzaiicensempaze"
"South Africa"
"West Hollywood, CA 90069"
"Hidden Cloud "
"#LADYGAGA"
"Ohio, USA"
"Indonesia"
"By myself"
"Per˙ "
"Croydon / St Andrews"
"manisa"
"St Andrews, UK"
"Bikini Bottom"
"Somewhere"
"Ohio"
"California, USA"
"Chicago"
"Michigan, USA"
"Portugal"
"New Jersey, USA"
"New York, USA"
"Houston, TX"
"LOS ANGELES"
"Northeastern Oregon"
" "
"Los Angeles, CA"
"Texas, USA"
"England, United Kingdom"
"United States"
"Washington, DC"
"Seattle USA"
"The prairie"
"Mt. Pleasant, MI"
" Asian<U+2661>BK'THAILAND"
"Spokane, WA"
"Des Moines"
"Aargau, Schweiz"
"the rail"
"Los Angeles, CA"
"Duvall, WA"
"San Diego, CA"
"Los Angeles, CA"
"USSA thanks to the #OrangeHitler #TheResistance #notmypresident"
"Osasco, Brasil"
"Pennsylvania, USA"
"Missouri, USA"
"Los Angeles, CA"
"Los Angeles, CA"
"California, USA"
"California, USA"
"Colorado, USA"
"MÈxico"
"The World"
"Sonora, CA"
"Brittany, France"
"Chicago"
"Los Angeles"
"World-wide"
"Louisiana, USA"
"Minneapolis "
"United States"
"Austin, TX"
"Phoenix, AZ"
"gaga  mj  gnr  lp"
"New York, NY"
"G.O.A.T"
"United States"
"Chicago, IL"
"Berkeley, CA"
"Calgary, Alberta"
"Manhattan Beach, Ca."
"Mannheim, Deutschland"
"Texas Hill Country"
"Vermont"
"MÈxico Distrito Federal "
"Cd. de MÈxico"
"DistritonFederal "
"NFL "
"New Jersey, USA"
"Birmingham, AL"
"United States"
"North Carolina, USA"
"2150 Hempstead Turnpike, Gate "
"Lazio, ITALY"
"ATL"
"Bermuda Dunes, CA"
"New York, USA"
"United States"
"Tomando un cafÈ por Madrid."
"Minnesota, USA"
"Atlanta"
"Fresno, CA"
"Arlington, VA"
"Atlanta, GA"
"JOANNE OUT 21st OCTOBER "
"NJ, United States"
"Parker, CO"
"Taipei, Taiwan"
"Buffalo, New York"
"God's World"
"Buffalo, NY"
"Calgary, Alberta, Canada"
"calgary"
"Dallas, Texas"
"Lincoln, NE"
"Allegheny College"
"Follow me! and retweet New's"
"Chicago, IL"
"United States"
"United States"
"Darmstadt, Germany"
" Maujpur "
"Pennsylvania"
"CHIAPAS...MEXICO"
"Cardiff NJ"
"South Park, CO"
"United States"
"Arizona U.S.A."
"Fountain Hill, PA"
"Notre Dame, IN"
"Houston"
"Chicago, IL"
"Houston,TX"
"Dartford, South East"
"Lawrence, KS"
"MaceiÛ, Alagoas"
"Charlottesville, VA"
"Philadelphia, PA"
"California, USA"
"Huntsville / Houston"
"Folding Your Girl Clothes"
"Atlanta, GA"
"Washington, DC"
"Missouri, USA"
"Georgia, USA"
"San Francisco, CA"
"United States"
"Scotland, United Kingdom"
"College Station, TX"
"Fort Worth, TX"
"Austin ,Texas"
"Bula, Bicol Region"
"DFW"
"Toronto, Canada"
"San Francisco"
"selangor"
"somewhere in all the confusion"
"United States"
"New York City"
"Champaign, IL"
"New York"
"Southeast United States"
"LA and New York"
"New York City"
"Alemania"
"United States"
"Houston, TX"
"Jersey City, NJ"
"Houston, TX"
"Canada"
"Ensenada, Baja California"
"Chicago, IL"
"Romania"
"MÈxico"
"West Hollywood, CA"
"probs at the track "
"Worldwide"
"Biddeford, ME  04005"
"Dallas"
"Growing "
"Amarillo, TX"
"Forest Hills Drive w/ J-Cole"
"Waterbury, CT"
"Lancaster, PA"
"United States"
"Los Angeles"
"Notre Dame Track & Field"
"Pittsburgh"
"New Jersey"
"Ridin' through Texas"
"Las Vegas, NV"
"Russia, Moscow"
"Uruapan, Michoacan"
"New England"
"Toronto, Ontario"
"Venice Beach"
"Republic of Serbia"
"Las Vegas, Nevada"
"Baton Rouge, La"
"Real"
"Chicago Southland"
"Austin, Texas"
"445 Miles From My Other Half"
"Scotland"
"Hialeah, FL"
"Middle Earth:)"
"New Orleans, LA"
"12 Wright Way, Oakland NJ "
"Lexington, Kentucky"
"Washington, D.C."
"<U+3164><U+3164><U+3164><U+3164><U+3164><U+3164>Grand Canyon University"
"Tampa, FL"
"Washington, DC"
"Houston, Texas"
"Berkley"
"Cadiz, Spain"
"Visalia, CA"
"Abilene, Texas"
"i saw lady gaga // debby x290"
"nyc & los angeles"
"Anaheim, CA"
"Houston"
"Earth"
"Connecticut, USA"
"Texas, USA"
"Atlanta, GA"
"South Bend, IN"
"New York, NY"
"MÈxico"
"New York, USA"
"Pittsburgh, PA"
"Rockford, Illinois"
"Duluth MN"
"Edmonton Alberta, Canada"
"West/ East Coast"
"New York, USA"
"Las Vegas"
"United States"
"Northern girl "
"San Francisco | NYC"
"NEVERLAND"
"Joanne World Tour In Atlanta"
"ohio"
"France"
"Venezuela"
"Dallas, TX"
"Falmouth, England"
"Castlegar, British Columbia"
"Abilene, TX"
"America"
"S„o Bernardo do Campo, Brasil"
"Texas, USA"
"Michigan"
"Cidade Morena Ms"
"FL 33186, United States"
"SW US"
"Poland"
"Detroit, MI"
"Washington, DC"
"Orlando, FL"
"Arizona, USA"
"New York, New York"
"Michigan, USA"
"Perry, MI"
"Saint John, New Brunswick"
"Riverside, CA"
"Columbia, South Carolina"
"Pennsylvania"
"NJ"
"USA"
"Chicago, IL"
"Indianapolis, IN"
"South Bend, IN <U+27A1><U+FE0F> Dallas, TX"
"Urbana, IL"
"LA"
"Dallas, Texas"
"Katy High School"
"Dallas, Texas"
"Naples, FL"
"kittanning"
"United States"
"Philly/NJ"
"Mexico"
"Guatemala/Asteroide B 612"
"<U+2764>Singer,Model,Series,Celebrity"
"Studio City, CA"
"Atlanta, GA"
"Lockers Tercer Cuarto"
"Chicago, IL"
"Livingston, Tx"
"Idaho Falls, ID"
"Brownsburg, IN"
"Brownsburg, IN"
"Brownsburg, IN"
"Asheville, NC"
"Atlanta, GA"
"TorreÛn,Coahuila"
"Knoxville, TN"
"Pennsylvania, USA"
"Austin, TX"
"Texas"
"Windsor, Ontario"
"Jamaica"
"Houston, TX"
"Lubbock, TX"
"Monterrey, MÈxico"
"Fort Lauderdale, FL"
"Uncle Pablo's house bitch! "
"Houston, TX"
"Tampa, FL"
"Los Angeles"
"Brazil,Bahia "
"Tucson, Ariz."
"Monterrey, Mexico "
"St Louis, MO"
"Asheville, NC"
"Hollywood"
"Miami, FL"
"Philadelphia/Jersey Shore"
"Miami"
"Miami, FL"
"Drexel Hill, PA"
"EspaÒa"
"Mohali, India"
"Scottsdale, AZ"
"Suburban chicago"
"NYC"
"Minnesota, USA"
"Philadelphia, PA"
"Delaware, USA"
"Hamilton, Ontario"
"Canada"
"Orlando, FL"
"All of Canada"
"St Paul, MN"
"Izmir, T¸rkiye [Man]"
"Polska"
"<U+30B3><U+30ED><U+30CD><U+30CF><U+30A4><U+30AB><U+30E9><U+6C96>"
"Calgary, Alberta"
"California, USA"
"United States"
"Washington, DC"
"AlmaÇ MI"
"United States"
"St. Louis, MO"
"Houston, TX"
"San Bernardino, CA"
"Los Angeles/NYC"
"D.C."
"Marietta, GA"
"New Orleans"
"Cherokee County, GA"
"The United States"
"Maryland, USA"
"Earth"
"Courtsey of Cleveland"
"Japan <U+5168><U+8C6A><U+30AA><U+30FC><U+30D7><U+30F3><U+306E><U+4F59><U+97FB>"
"Acapulco, Guerrero, MÈxico"
"United States"
"Monterrey Mexico"
"Toronto, Canada"
"Houston, TX"
"Rahway, New Jersey"
"St Paul, MN"
"Igweocha. Biafraland"
"Philadelphia, PA"
"Staten Island, NY "
"NEDERLAND"
"Covington, Georgia"
"Austin Texas"
"614 <U+2194><U+FE0F> 616"
"<U+7363><U+4EBA><U+306E><U+4E16><U+754C>"
"Marlborough MA"
"614"
"IG: jvcb.j"
"- #Loowkeyyy ` "
"St.Louis, MO"
"Houston, TX"
"Arkham Asylum"
"I'm an Orange Moon "
"beacon hills"
"New Orleans, LA"
"United States"
"Trinity, NC"
"Louisiana <U+269C><U+FE0F>"
"New Orleans, LA"
"DMV"
"Gainesville, FL"
"D{M}V"
"Ontario, Canada"
"Johannesburg "
"Wayland, MA USA"
"Long Island, NY"
"Atlanta, GA"
"New York, USA"
"Minnesota"
"Miami, FL"
"Brisbane"
"MÈxico"
"United States"
"cedar rapids, jus chillin"
"Earf"
"Nuevo LeÛn, MÈxico"
"‹T: 31.095097,-97.791938"
"snapchat: zennaya"
"Norfolk, VA"
"<U+0262><U+1D00><U+0262><U+1D00><U+1D05><U+1D0F><U+0274><U+0274><U+1D00> π4/∞≤/≤∞π7"
"Minneapolis, MN"
"Sacramento, CA"
"Biloxi, MS"
"Japan Miyagi prefecture."
"En el aquelarre 5:05am/10682km"
"what I've been on"
"Central Coast California"
"Maine, USA"
"Cleveland"
"Georgia, USA"
"San Francisco, CA"
"worldwide"
"Lucknow, India"
"Dousman, WI"
"Nationwide"
"Malta"
"South East, England"
"Toronto, Ontario"
"Welland, Ontario"
"Shaker Heights, OH"
"San Antonio, TX"
"Toronto, Ontario"
"California "
"Jersey City, New Jersey "
"Philadelphia, PA"
"Florida, USA"
"Oklahoma, USA"
"Panopticon"
"Nasty Castle, United States"
"Houston,Texas, USA"
"Brooklyn, NY"
"Wilmington, OH"
"Venus"
"mansfield, ma"
"Titletown, USA"
"Dexter's Lab"
"Hemlock"
"Indonesia"
"South Louisiana"
"San Diego,Ca"
"BayamÛn, Puerto Rico"
"Earth "
"South Carolina, USA"
"San Pedro Sula,Honduras C.A  "
"Paris, TN"
"Connecticut"
"Bad Romance"
"Pahrump, Nevada "
"New York City, NY"
"MÈxico"
"Missouri"
"Baker County, Fl"
"Las Vegas, NV"
"Lovatic-Swiftie-Selenator Land"
"Columbus, Ohio"
"Houston"
"hhô | BFT"
"Xochitepec"
"New Jersey"
"Jubail"
"En las nubes "
"Ottawa, ON"
"Nuevo LeÛn, MÈxico"
"Argentina"
"Villaviciosa de OdÛn, EspaÒa"
"Phoenix, AZ"
"East Coast"
"Albany, NY"
"Houston, TX"
"Toronto, Ontario"
"mexico city"
"All over Louisiana..."
"Oakville, CT"
"Connecticut"
"Idaho Falls"
"Atlanta, GA"
"Greater Philadelphia, PA"
"Kitchener, Ontario"
"Tenaha,TX"
"East Boston"
"Cincinnati, OH"
"Sydney"
"icexforty7@gmail.com"
"Memphis, Tn"
"slutZô"
"Anaheim, CA"
"Kuala Lumpur,Malaysia"
"Carrollton, GA"
"The Woodlands, TX"
"Carmichaels, PA"
"Texas, USA"
"New York, NY"
"NEW YORK BROOKLYN "
"United Kingdom"
"Atlanta, GA"
"Los Angeles, CA"
"kent, ohio"
"Hawley PA"
"Montgomery, AL"
" Miami"
"Kota Surabaya, Jawa Timur"
"United States"
"Toronto"
"Forest Hills Drive"
"In a Chicago Kitty Coma"
"Ontario, CANADA"
"Owen Sound, Ontario"
"Tampa, FL"
"St Peters, MO"
"Ecuador.         "
"Atlanta"
"<U+0412><U+043E><U+0440><U+043E><U+043D><U+0435><U+0436>, <U+0420><U+043E><U+0441><U+0441><U+0438><U+044F>"
"Canada"
"Heliotropo"
"probably somewhere with liv"
"South Africa "
"Michigan, USA"
"United States"
"Los Angeles, CA"
"Baltimore, Maryland"
"Wellington, FL"
"New York, USA"
"San Francisco"
"Toronto, Ontario"
"Alexandria, VA"
"Minneapolis, MN"
"Earth"
"Australia"
"Bali, Indonesia"
"nigeria"
"Puerto Rico, USA"
"Boyle Heights, Los Angeles"
"Charlotte, NC"
"Portland, OR"
"Hampton,Va"
"Des Moines, United States"
"Manhattan, NY"
"The Barn"
"Sylcauga al "
"NEW YORK"
"LA DC"
"Greenville, SC"
"MuRcIa CiTy!!!"
"Ottawa"
"Ottawa"
"Miami Beach, FL"
"Ireland"
"Manchester, England"
"SF Peninsula"
"Middle Earth"
"Poland"
"Pennsylvania, USA"
"MAD City, IsPain."
"Boulder,  Colorado"
"Pennsylvania, USA"
"<U+0627><U+0644><U+0640><U+0640><U+0640><U+0640><U+0640><U+0640><U+0635><U+0640><U+0640><U+0644><U+064A><U+0640><U+0640><U+0628><U+0640><U+064A><U+0640><U+0640><U+0627>"
"Tampa Bay"
"Staten Island, New York"
"Cloud 9 <U+3147><U+3145><U+3147>"
"#1 maia stan"
"Internationally "
"bds"
"Earth"
"Slowakia the horror city"
"Chicago"
"Quezon City, Philippines"
"Lagos, Nigeria"
"United States"
"Hogsmeade"
"Eagle Rock, CA"
"in another world "
"Couch"
"France"
"downtown."
"California, USA"
"UK/USA/ARG/AU/IE/NED"
"Brooklyn, New York"
"Price, UT"
"Modesto, California, USA"
"MÈxico"
"Coyoac·n"
"MËxico DF"
"Monterrey, Nuevo LeÛn"
"Los Angeles, California"
"Rochester, NY"
"Philadelphia, PA"
"Harrisburg, PA"
"Philadelphia, PA"
"<U+274C> NO DMs <U+274C> | #TAKEN <U+2764><U+FE0F>"
"Estados Unidos"
"Texas, USA"
"United States"
"Edmonton, Alberta"
"Austin, TX"
"Chicago, IL"
"Jacksonville Beach, FL"
"Philadelphia, PA"
"her mind"
"frequenting NY/NJ racetracks "
"Modesto, Ca"
"Modesto, CA"
"Dallas, TX"
"Denver, CO"
"Dallas, TX"
"Las Vegas"
"Fort Lauderdale, FL"
"Honea Path, SC"
"Denver, CO"
"Camden, NJ"
"Montgomery County, PA"
"Boca Raton, FL"
"The Woodlands, TX"
"Dallas / Ft. Worth, Texas"
"Denver, CO"
"Fort Collins, Colorado"
"Louisville, KY"
"Fargo, ND"
"New York"
"South Florida"
"Los Altos, California"
"Shepherdstown WV"
"Atlanta, GA"
"Las Vegas, NM"
"Bethesda, MD "
"Newport Beach, CA"
"Fresno, CA"
"Bucks County PA"
"Brentwood, TN"
"Syracuse NY "
"Philadelphia, PA"
"Pittsburgh, PA"
"Instagram: Cristinmore"
"Toronto"
"Houston, Texas"
"Toronto, CA #BorninSouthAfrica"
"Hollywood Sign "
"Excelsior, MN"
"New York, NY"
"Kennesaw, GA"
"Conshohocken, PA"
"Kenya"
"Tijuana, B.C. Mex."
"Silicon Valley, CA"
"Baltimore "
"Boston, MA"
"United Kingdom"
"Los Angeles"
"Burlington, Ontario"
"Toronto, Ontario"
"South Florida"
"Canada "
"Davis, CA"
"new orleans"
"Boise, ID"
"Orlando, FL"
"San Antonio, Texas"
"Toronto, Ontario"
"Philadelphia, PA"
"Newport Beach, CA"
"Chicago"
"Coyoac·n, Distrito Federal"
"Pasco, WA"
"Illinois, USA"
"R. SANCHEZ PIZJUAN (SEVILLAFC)"
"Tennessee"
"Los Angeles"
"Cesk· republika"
"Austin, Texas"
"Minneapolis, MN"
"Culver City, CA"
" New Orleans, Houston"
"United States"
"Lisbon, Portugal"
"HUG ME BROTHA"
"The Spirit World"
"fsog "
"Highrise "
"Los Angeles,California"
"Leveling.Up"
"New Delhi, India"
"Iselin, NJ"
"ó Harrys Heart // Single"
" Watts, Los Angeles, CA"
"Houston, TX.  "
"8 Little Monster "
"Austin & Dallas"
"Florida, USA"
"Ann Arbor, MI"
"Calgary, Alberta"
"Tulsa, OK"
"4<U+20E3>1<U+20E3>0<U+20E3> "
"03/07/2016"
"Atlanta, GA"
"United States"
"Washington, DC"
"Los Angeles"
"Los Angeles, CA"
"Minneapolis"
"Iowa"
"Riga, Latvia"
"Washington, DC"
"Pakistan"
"Baytown,Texas "
"Oxford, Ohio"
"China Grove, NC"
"Rio de Janeiro, Brasil"
"New York, USA"
"Hermosillo, Sonora"
"Rochester, MN"
"Los Angeles, CA / New York, NY"
"midraq"
"Caen"
"BootyLand"
"United States"
"Milwaukee, WI"
"United States"
"New York, USA"
"Redmond, OR"
"New Orleans"
"South Detroit"
"SOUTH KOREA, WORLD"
"New Orleans, LA"
"Minneapolis, MN"
"Paris │ New York │ Istanbul"
"Florida, USA"
"Iowa"
"South Dakota"
"Charlotte, NC"
"Calgary Alberta"
"Niagara Falls, NY"
"Minneapolis, MN"
"Michigan, USA"
"ArtRave May 14. 2014 CLEV OH"
"Columbus, OH"
"Winnipeg, MB"
"litchfield library w/ alex "
"Reston, VA"
"Michigan, USA"
"California, USA"
"En el camino correcto"
"San Francisco"
"India"
"Edwardsville, IL"
"Mexico"
"Dallas, TX"
"Somewhere down in the south "
"Kiawah Island, SC "
"NYC"
"Chico, CA"
"Tuscaloosa, AL"
"Desembarco del Rey "
"Georgia, USA"
"Estados Unidos"
"United States"
"Philadelphia, PA"
"Coolin'."
"Philadelphia, PA"
"Georgia"
"Detroit, MI"
"arkansas"
"Atlanta, GA (The 6)"
"paperchasin<U+2708><U+FE0F>"
"Decatur, GA"
"Egypt"
"Instagram: yourstrulylika"
"Costa Mesa, Ca."
"ON THE STAGE EVEN WHEN IM NOT"
"Providence, RI"
"Paddington, London"
"Delaware, USA"
"Al Kamil"
"Michigan, USA"
"Cauldcots, Scotland"
"Adana, Turkey"
"Kayseri, T¸rkiye"
"Tarsus, Mersin"
"Bor, Nigde"
"Phoenix, AZ"
"Chicago, IL"
"Dallas, TX"
"Parkesburg, PA"
"Dallas, Texas. USA"
"i love my fans."
"Vincit qui se vincit."
"Greensboro, NC"
"Suburbs of Atlanta, GA"
"Orange County, CA "
"Nueva York, USA"
"San Antonio, TX"
"Woodmere, NY"
"Delray Beach, FL"
"Zulia, Venezuela"
"Vancouver, BC"
"Teaneck, NJ"
"North Carolina, USA"
"Dallas"
"Michigan"
"Georgia, USA"
"Florida"
"#farwest17"
"on an adventure through space"
"North Carolina, USA"
"Belgium"
"Northern California"
"The Netherlands"
"Northern California"
"Delaware, United States"
"Queens, New York"
"USA"
"Philadelphia, PA"
"lady gaga's ass"
"Parintins - Brasil"
"Beverly Hills, CA"
"Milwaukee, WI"
"Green Lake"
"Erie, PA"
"Buffalo, NY"
"Logan, Utah"
"DelaWERE?"
"La La Land"
"Brazil "
"Waynesboro, va"
"Atlanta, GA."
"<U+0E08>.<U+0E28><U+0E23><U+0E35><U+0E2A><U+0E30><U+0E40><U+0E01><U+0E29>, <U+0E1B><U+0E23><U+0E30><U+0E40><U+0E17><U+0E28><U+0E44><U+0E17><U+0E22>"
"Mishawaka, Indiana"
"Probably at a concert"
"Pennsauken, NJ"
"da Woodz"
"La Mesa, California"
"atlanta"
"Michigan, USA"
"Follow"
"Los Angeles, CA"
"San Antonio, Texas"
"F<U+03BB><U+03BF><U+03B3><U+03B7>ta-<U+03A7>a<U+03BB><U+03BA><U+03B9>d<U+03B9><U+03BA><U+03B7><U+03C2>.  Greece"
"Los Angeles, CA"
"US"
"Georgia"
"Europa"
"Reno, Nevada"
"New England"
"Canada"
"Los Angeles, CA"
"Midwest"
"Your local strip club"
"Missouri City, TX"
"OHIO"
"United States"
" CHIRAQ TO MURRDALAND"
"United States"
"London, England"
"Atlanta GA"
"New Orleans, Eastside "
"Pacific Northwest"
"Las Vegas, NV"
"New York, USA"
"Monroe, GA"
" "
"indy - naptown"
"Richmond B.C."
"ella| jongmi |shan"
"Los Angeles, CA"
"Killeen, TX"
"the Go"
"Dallas,Tx"
"bagre antioquia, colombia"
"Nevada, USA"
"Denver"
"Florida, USA"
"LA & NYC"
"Canada"
"New Jersey, USA"
"1001 uptop marcy ave "
"Mars, PA"
"Italia"
"California, USA"
"QuerÈtaro, MÈxico."
"Bay City, MI"
"Wolcott ct"
"TEXAS USA"
"New England"
"The OC"
"Des Plaines, IL"
"Brasil"
"Bristol, CT"
"Washington, DC"
"Texas, USA"
"dinglerthekids head"
"San Diego, CA"
"Maine, USA"
"central coast ca "
"Franklin, Tennessee"
"Dorset UK"
"Florida, USA"
"Wolcott, CT "
"Tunnel Hill, GA"
"Wesley Chapel, NC"
"Deutschland"
"Philadelphia, PA"
"Little Rock, AR"
"TNTF"
"Delray Beach, FL"
